Feature1,Feature2,Feature3,Feature4,Feature5,Feature6,Feature7,Feature8,Feature9,Feature10
3.496714153011233,2.861735698828815,3.6476885381006925,4.523029856408026,2.765846625276664,2.7658630430508193,4.5792128155073915,3.767434729152909,2.530525614065048,3.5425600435859645
2.5365823071875377,2.534270246429743,3.241962271566034,1.086719755342202,1.2750821674869672,2.437712470759027,1.9871688796655762,3.314247332595274,2.091975924478789,1.5876962986647085
4.465648768921554,2.774223699513464,3.0675282046879238,1.5752518137865432,2.4556172754748173,3.1109225897098662,1.8490064225776972,3.375698018345672,2.3993613100811952,2.708306250206723
2.398293387770603,4.852278184508938,2.986502775262066,1.9422890710440996,3.822544912103189,1.7791563500289778,3.2088635950047553,1.0403298761202244,1.6718139511015695,3.1968612358691235
3.7384665799954107,3.1713682811899706,2.8843517176117595,2.6988963044107113,1.5214780096325726,2.2801557916052912,2.5393612290402126,4.057122226218915,3.3436182895684614,1.236959844637266
3.324083969394795,2.6149177195836835,2.3230779996940414,3.6116762888408678,4.030999522495951,3.931280119116199,2.1607824767773613,2.6907876241487854,3.331263431403564,3.975545127122359
2.52082576215471,2.814341023336183,1.8936650259939718,1.8037933759193292,3.812525822394198,4.356240028570823,2.927989878419666,4.003532897892024,3.361636025047634,2.3548802453948756
3.361395605508414,4.538036566465969,2.9641739608900486,4.564643655814006,0.38025489591025563,3.821902504375224,3.087047068238171,2.7009926495341325,3.0917607765355024,1.0124310853991072
2.780328112162488,3.3571125715117462,4.477894044741516,2.4817297817263526,2.1915063971068123,2.4982429564154636,3.915402117702074,3.3287511096596845,2.470239796232961,3.513267433113356
3.0970775493480405,3.9686449905328893,2.2979469061226476,2.6723378534022317,2.6078918468678425,1.5364850518678814,3.296120277064576,3.261055272179889,3.005113456642461,2.765412866624853
1.5846292579495858,2.579354677234641,2.6572854834732307,2.197722730778381,2.838714288333991,3.4040508568145382,4.88618590121053,3.174577812831839,3.2575503907227645,2.925554084233833
1.0812287847009585,2.9734861245507833,3.0602302099410266,5.463242112485286,2.8076390352188776,3.3015473423336124,2.9652882302947567,1.831321962380468,4.1428228145150205,3.7519330326867744
3.791031947043047,2.090612545205261,4.402794310936099,1.5981489372077191,3.5868570938002704,5.190455625809978,2.0094636748693118,2.433702270397228,3.099651365087641,2.4965243458838007
1.4493365689338673,3.0685629748060275,1.9376962862738951,3.4735924306351817,2.0805757657661967,4.54993440501754,2.216746707663763,2.6779384837943243,3.81351721736967,1.7691356835660448
3.2274599346041293,4.307142754282428,1.3925167654387725,3.184633858532304,3.2598827942484236,3.7818228717773104,1.763049289121918,1.6795433869157237,3.5219415656168978,3.2969846732331862
3.2504928503458768,3.346448209496976,2.3199752784215093,3.2322536971610036,3.293072473298681,2.285648581973632,4.865774511144757,3.4738329209117875,1.8086965027973514,3.6565536086338297
2.0253183297726784,3.787084603742452,4.158595579007404,2.1793176816482895,3.9633761292443217,3.4127809269364984,3.82206015999449,4.896792982653947,2.7546118839971294,2.2462638356425106
2.1104855703744767,2.1841897150345617,2.922898290585896,3.341151974816644,3.276690799330019,3.8271832490360236,3.013001891877907,4.453534077157316,2.735343166762044,5.720169166589619
3.625667347765006,2.1428424435837172,1.9291075019388877,3.482472415243185,2.776537214674149,3.714000494092092,3.473237624573545,2.9271710873431274,2.153206281931595,1.4851527753141354
2.5534850479329787,3.8563987943234723,3.2140937441302038,1.754261221288012,3.173180925851182,3.385317379728837,2.116142563798867,3.153725105945528,3.058208718446,1.857029702169377
3.3577873603482833,3.5607845263682343,4.083051243175277,4.053802052034903,1.622330632042909,2.062174960084877,3.5150352672086598,3.513785950912209,3.515047686306048,6.852731490654721
3.570890510693167,4.135565640180599,3.9540017634932023,3.651391251305798,2.6847307553596544,3.7589692204932676,2.227174785462428,2.763181393259991,2.5146364521708966,3.0818741393863225
5.314658566673509,1.132734807408252,3.6862601903745134,1.3872841288103483,2.5280681342105664,4.088950596967366,3.0642800190954627,1.9222552220706939,2.284696290740032,3.679597748934676
2.2696333682828636,3.216458589581975,3.045571839903814,2.348399652394183,5.143944089325325,3.633919022318011,0.9748574133423928,3.1864543147694278,2.338213535231612,3.852433334796224
2.2074792615672996,2.885263558533101,3.5049872789804573,3.8657551941701214,1.7997035929442238,2.6654987641590515,2.525054688839044,2.3466707674262883,4.765454240281096,3.4049817109609557
1.7391160456649548,3.917861947054776,5.122156197012633,4.032465260551147,1.4806300340459866,2.5157659271337485,4.2669111491866225,2.292330534381219,3.443819428146228,3.7746340534293368
2.073069528421917,2.9404746439382,-0.24126734006907258,1.9756123586657102,2.7474318486068396,1.7522168180351505,4.632411303931635,1.5698586220393673,2.559955513303016,3.1307405772860912
4.441273289066116,1.5641378488205606,4.16316375215496,3.010233061019587,2.018491348952049,3.462103474263271,3.19905969557347,2.3997831228412054,3.0698020849900187,2.61468640313824
3.113517345251248,3.6621306745210465,4.586016816145352,1.762184501173151,5.133033374656266,1.0479122004774981,2.8482149049644168,3.5883172064845765,3.2809918677350325,2.3773004801794064
2.7918777496427247,2.506999065341167,2.4106352430557885,3.8496020970210245,3.3570154859650474,2.3070904047393457,3.8995998754332506,3.3072995208766094,3.81286211883896,3.629628841923612
2.171004989077928,2.4398189598030307,3.7472936051232617,3.610370265433465,2.979098406035852,3.117327383308782,4.2776648957884245,2.40842861116417,3.5470973811700377,2.797807347566106
2.78231879677278,4.09877685198719,3.8254163489880297,3.8135096360006386,4.305478807154329,3.021003841632759,3.681952971294964,2.689733243406544,3.324166352488442,2.8698569456323155
3.0969959649927183,3.5951570254369134,2.1817793167665274,5.092387275685461,1.993982618500298,1.7858113872122678,4.158110873500068,3.7916626939629356,3.624119817052155,3.62834550926428
2.9877532271530853,2.1027456285141684,3.0758045581937266,2.322838288487888,3.9751197334177513,2.8529426184978615,2.1745028032074885,2.6786141583470067,3.412931454275624,2.4362754471960253
2.1777796044335687,3.2436872114919124,3.2449665711087228,2.4930568246288702,2.5289616943816773,3.2320499373576363,1.5519156585026759,1.5925362256234448,2.281555778747564,2.786552848288153
3.3109075655980047,4.475356216949552,3.8576596232020193,2.8400614700365727,2.980983792097311,1.9974706353621912,2.98148686400761,2.7113413610798616,3.3227185603380893,2.172769056447677
3.5193465142411724,4.532738913002578,2.8912398515431423,3.4017117220989412,3.6901439917111123,2.598779528114164,3.2240924818104166,3.012592400781795,3.0976760985488316,2.2269902161445336
3.0245101742589426,3.49799829124545,4.451143607795042,3.959270826085207,5.153182457511557,2.2326524371119505,3.872320636720678,3.1833420057383517,5.189802933217672,2.1917017146448483
2.160278157819224,2.400607354555978,0.8761042756901931,2.474244978319239,2.240867338446302,3.1503937864762075,3.3417559757771595,4.876170839215886,3.95042383818605,2.423096344337597
2.101585328651642,3.4919191715065057,1.6797667929793578,4.831458765854354,4.179440120721287,2.530824347895295,1.2868654709091225,4.353872374165412,2.885460154747382,4.237816311973462
1.405572341205633,2.400624977046227,3.005243699718183,3.046980593764742,2.5499345285207564,3.6228499323474987,1.9323795706174056,2.8576205149787066,3.120295631711899,3.514438834058749
3.7116148780888896,1.8753579081621308,1.4658858292643777,4.277676821898509,3.3323140119795918,2.2515134634434464,4.551151975522523,3.1156746342928585,4.179297184063826,3.067518481410109
5.060747924881987,4.755340842443204,2.7510358515209266,3.9715709509543555,3.6453759495851474,4.368631557532349,2.0350765394198955,3.6860514599984393,4.058424486849588,1.2412605135768857
1.816741487334225,0.9607678222398994,2.730593165555442,3.717542255795962,4.502357052096028,3.074094780419775,4.628615545571292,1.6198985417851086,1.2966175606448453,2.9444523011033814
3.384065448939307,2.967305251905907,0.9325578999601234,2.9108799604872115,1.6955304994951468,3.6696725488300386,3.3665982460968484,2.060120213672645,2.4861330826633066,1.9407864781110484
2.937320902726828,3.9551423205012384,2.014273953664456,3.504046515517844,2.469742381627559,2.2071271677376556,2.8929696400454423,1.964757677580626,2.4463506946528177,1.8021221074111515
4.9647251329163895,3.035263551971729,2.3002744920074143,3.213979910734222,2.88767195030917,2.779030400466777,3.614166700043425,3.757507710047305,2.4694988523894725,2.42418175935532
2.724948302848356,0.6980788352644152,1.4848089378014477,4.3668742674445244,4.644967713501284,2.7509639604436216,3.5765569630557663,3.311250154543536,6.078880808455238,4.119574911434577
2.8720824085192334,2.0444595593995745,1.3935536797424275,3.203463635867223,2.2436492547156965,1.5777462904023258,2.3534271157574733,1.918451996385605,4.687141635072565,3.8816397569494505
2.9920273586833828,4.479944138890026,3.0773683076476184,2.1387157986717362,4.5231240772696575,3.5389100436846586,1.9627538456735436,2.809661321916392,2.124381746615243,1.617200269035664
3.9261775475316414,4.9094166404701305,1.6014324261808588,3.562969236690571,2.349357430878173,2.5128746162353037,2.407606075761131,2.136009230320184,3.048521627944827,2.1690498835889622
3.270456825779839,2.949761890550863,2.7610519531335904,2.092436337958402,2.4232286694316674,3.755391225825756,3.5009171876243808,2.022444755201449,3.099332305429226,3.751387123371789
1.3305947188786282,3.543360192379935,2.3373762410541534,3.5705986685931594,2.236740843457483,1.195117899335481,1.3724575621168373,3.048084946661382,3.2597225017214817,2.095683374895591
3.638592458777374,1.3384799377310401,2.9339202013526835,1.7889838002375433,2.348163892197841,3.047398671316414,2.1395866347160477,2.6154444557701746,4.0062928092144405,2.423108130476851
3.835692112065142,1.870293145342382,3.529804177915283,4.4415686206579,0.5283554998727107,2.203104744529523,3.57707212718054,2.7969546139570074,3.371145873371309,2.3960148132841796
3.0865897874729,2.8443227646079206,4.167782061659807,3.254420843301213,3.337602662075202,2.5881230338775327,2.5123937759275066,2.567441812180379,3.394452142378297,2.579015519179737
3.289774856896413,5.075400798645439,3.8711247034316925,2.673976467832159,4.201213922163944,2.5919246269784484,0.9618754648221461,1.991913689082596,1.1292080789741443,2.6484865159586914
3.018418379189552,4.676437312275283,3.3269273737641627,2.7808994711911357,3.8294055811834893,0.7888646909921149,3.235614558108566,3.7708651938869666,1.5214137542201585,4.143754043206929
3.3384964074944143,2.5847120860991986,3.632781866106285,5.270692857804396,3.181866255058495,3.248220586300336,2.5406391004597557,2.1501556305352083,3.8303358165442454,2.1439161740911326
3.0715662372193924,2.5223425532348833,3.478979825746392,3.3336621052869484,4.037539944257899,2.489983601145253,2.7301250647066286,2.0212362842176925,2.555706739923888,3.377300493044852
3.756988616645352,2.0778346758223747,3.86960592010566,4.3556378588049505,3.413434903223701,4.876795812558066,2.226210800896427,1.755345296688583,1.2212797510957214,4.496044311489183
3.6543656563540576,2.9444153290895447,3.2799686263198202,1.8745109527016235,5.445751979616826,3.1292211819752276,3.109394794604893,3.725766623898692,3.481009231736713,3.2238840242791316
2.209525544554688,3.4714683571359957,4.882024496475034,4.3454200461549775,4.5931866266393975,2.4887843235688147,2.010395179741419,2.874213079900352,3.0557249122886945,4.094191518470948
1.3075353702851806,4.529550319460614,2.8419921014210106,2.57311893005258,1.9878956247398325,1.3451433281342307,3.8231705839619146,3.073317967188404,1.7100391002589461,1.704921227936384
2.6642153007098717,4.669021525289393,2.740408648636395,1.4968570468818938,2.754256935914056,2.7272764302523296,0.30311335705842835,2.9457051334821878,2.769065469791322,3.6962063648134182
4.848956094945345,4.126565029547757,2.7311113094451693,1.8934740912583297,5.57335980324986,3.0592184340144883,3.0139292919129463,2.9758749128899966,3.198084760767855,2.8556395880760577
2.4263379931197635,2.453141058759608,2.9672467297840015,2.4565752288662352,2.2871542173228354,3.106430227691897,2.7450227825791447,4.503992988582689,0.349030191606988,4.091506851922462
4.246085192497629,0.9266097675918505,2.6573124059196513,2.6285591340042087,1.5924883052821788,2.2221833124091246,1.8894241545341712,4.7522704434236225,3.935678393147461,4.2715550949941585
3.721672064043235,1.8709482287827708,2.4754797337202263,3.489374561227918,1.7778721911080546,3.712998430172388,2.7596746018418647,2.6251791924504024,3.7109599682034915,3.44426331148604
2.6390338341809203,4.159329803364248,1.9189366724001027,3.6159356069442636,3.593101257968384,2.69045356068601,3.326133022242118,1.748886423614697,3.924027019206901,2.815097863557011
2.4772769794809606,4.0490092258368895,2.295656309457241,1.5915387036364403,1.4433708264760963,3.60600995134564,1.719570647503717,4.754794181984365,0.918070592116278,4.696456368290038
3.2110174672026184,2.9032868881296077,2.4550809131910505,3.399136114352071,2.9623652975751518,4.103301882016521,3.1142276486620397,3.150301761461878,2.636387787786144,2.9430543762789325
3.3078017688920593,1.2898316073433744,1.651814577894287,3.743264094022715,3.170865438127942,2.816016663647321,3.0184339330653933,3.347581705361671,2.4602403196906386,2.2216952745976872
3.1958452550976815,2.021627222384968,3.408252755714472,1.2974163957621596,4.029155637325644,3.4725974824130432,3.2560297343138758,3.982690983945514,4.665474444462577,4.014370065018131
1.1591257686683547,1.7204230332642985,2.3751814223043213,3.026091050210834,3.517659020469123,2.2742561868465345,3.1867667644770785,2.2446170676466775,2.388482197008052,1.5933389031517777
2.0767667538890957,1.6483153943836664,2.024126747022667,4.05364179660784,2.050601111168057,5.63238206483739,3.4933179008808892,3.1848361236948737,2.1416422198187863,3.7003098794089913
2.4243621737622263,3.1220098146453616,5.560084538268795,2.90394010027535,4.149273326285676,2.2968235748741126,2.9650115095030385,4.77080063563551,2.3730329422122325,4.8124485579969285
3.7077519354554753,2.4375332241057324,3.632407739055521,3.9725544496267298,3.6218099622171964,1.4297752801095436,2.2728628241751316,2.7524813644484953,2.925566570899954,3.620672097550678
3.177701000933254,1.6646556412898987,3.3801978510059634,3.610585745283823,3.55979044793104,4.080780725554622,3.833922154548904,3.4591800792284366,2.929834288541353,1.3390390664840086
3.429618219132586,3.2076876871631113,3.2715788371953733,1.7232514241796906,1.9189434595917376,4.053152853332904,2.960444846143345,3.6815006973726243,3.028318376130461,3.029756139495745
3.9382838059759977,2.483955271782626,3.0961207769409835,2.5377247112949575,2.5655037725676846,2.6908278765313605,3.222133771633713,2.5212513783365225,4.255756125573521,2.105392697780496
2.813128355838641,2.560268941725825,4.446977884353733,3.1965547765115745,4.031844539468635,1.514439626963028,3.267050265869259,3.889630795623437,3.082283989275424,4.065480375065351
2.4827115498996277,4.40934744018558,5.29889812361925,2.637161439560341,2.5544974785992283,4.453384477117701,4.579572145730713,2.477139972846732,2.5798131829041426,2.7182153911394926
1.655549488965723,2.0813480535158018,1.9958592332479321,2.2322024348958713,2.9653151126132187,3.234214732536521,4.550500492814077,2.001645959261209,3.984322398476584,2.786011155774491
2.950536290347567,3.6748194921666038,1.8772779784377014,3.3824097461840505,3.166452208213056,3.492451264008149,3.2891686439078183,5.455300139910895,2.362260015748684,2.4690030449981824
2.3768594735752355,2.4445228808397452,2.3626128726934823,4.189016531107551,4.420504247989855,2.429253706250524,2.1676444268957713,3.471415556386404,2.4477769557190285,3.6329318177555106
3.2029230208512995,1.484255885002768,4.547505201330061,4.7958776730955215,2.3872113095156138,2.612298440064016,3.285865390724905,3.334456789987025,3.6585442726728306,5.01020453876635
2.8230527725059504,2.2017027554615463,1.6206807719854728,2.269069960058081,2.9668730271262027,4.794557863517788,2.4823887009638286,3.2237879516388985,2.983577103927248,4.188393273448084
5.526932425873621,2.4691312270796795,2.510560557481778,4.044160877069072,3.6818914896263113,4.846707325736034,3.5839281853259637,2.6407079092129404,3.5906548306923094,4.108703580582908
3.820482181197364,3.507274031107298,4.066674689589154,4.169295590445673,4.382158991037527,3.648709887589643,2.8328819196831456,3.1467136864333227,4.206508966508357,2.183064329012764
3.3686733088729013,2.606661187672639,3.0287448229348173,4.278451862607299,3.1910990680199034,3.046436548156149,1.6401438590200808,3.746253566027221,3.645484181141075,5.16325472330546
2.692221765046999,3.219150327663939,3.2493836837107555,4.577453279763475,2.904704467613048,3.2790215257703395,3.6078965097165394,3.1866091231563582,2.553566385449472,3.1940899928983075
4.073631749859772,1.9734847005889398,3.132969674146876,2.299879185060827,4.1950466289248425,1.4768130952162253,2.4410781527284118,3.377211875064521,4.56552402923434,2.9342497389270124
2.4448004733068016,4.88115706944059,1.551986099583756,0.8011940433799181,3.4400144500533325,2.4979457756473886,1.9787671828692868,3.7083564472993533,3.243800713771199,2.4359213692632715
1.7196956013291056,3.8724573282801447,3.650201177958661,2.900824136220617,4.846636996047666,1.9299152336738474,1.4744748290752612,2.3080919301187555,2.954413983644502,3.2433394493226917
2.7587639421436703,3.352055396514297,1.748460575809556,4.44376460407326,2.917848821607431,4.117295831588128,3.342725346377704,3.456753219153784,3.569767280232204,3.4477085600173147
3.642722759867544,4.329152530132431,3.19652116970147,3.7090037575885124,2.910264305712773,4.440117215449472,2.32360769794073,4.800940432910815,2.9598420493556565,1.5692248978819519
3.1281044149107893,2.318948342525119,3.840643548988724,2.347376020697609,2.5538165667852204,1.110459269054469,2.5476936807509234,0.5761206733710433,1.4160971765142767,3.7604146561442975
3.785800158650832,3.425457561784965,2.033023856870787,2.95228864385802,2.9963974609094315,1.8416353108074572,4.503398301767151,3.8773622905756713,2.779035826170336,3.026885838994531
3.2083828079475527,0.9582651315757094,2.7528226174794033,2.3180157520022013,1.9983799901050845,2.718899707114045,4.797686526849523,3.64084286126701,2.428821010217203,3.5725827813561586
4.399355436586002,3.924633682912769,3.0596303699201743,2.353063222294426,3.69822331361359,3.3934853854217497,3.8951932200277324,3.6351718016819694,4.049552715319335,2.464764788439432
4.317394065634326,3.1975996046923996,5.0752608726252655,2.310812181910432,4.73596380316525,3.197910783462648,2.3485819963855517,2.5161141659456785,2.6796526918056798,3.4241659464019163
3.5228354880354997,2.426299996061421,2.9756454077390173,5.142270358611864,4.727543170100711,3.436323669674032,3.0380034781682004,3.1200313267182613,3.6135179727304165,1.9772074348015944
2.742623462576655,1.3314159261224106,3.3992231226052794,3.647195939702741,2.516813537700626,4.573986763290033,1.7742343369976588,1.5356251197901798,3.224451818559972,4.047098302612154
4.6839276914578685,2.5411157371310598,4.078680833431296,2.9614915304992926,2.8273727000591804,3.8836599374866725,3.6523228784134196,1.4236078430157506,4.476540349725896,4.380091354147451
2.3744372984904705,3.395803533437409,3.494030186282739,3.260673765823907,2.4496948461545798,2.3283766320619486,2.9744459290085548,4.172729019259364,3.5436001545944324,2.629385667913894
3.771698710648345,0.15145737936992454,4.1487657003721035,1.2602862212219004,2.637559058596868,1.8803301053738561,1.7053185242790942,4.16082678737852,2.5322987986881085,3.346503881730716
2.953079421120816,3.4770408272231217,3.076821891060255,1.7170077758114304,3.99626681944714,2.5062434168386876,1.443418101340249,2.5718848390340874,4.50075979063431,3.8502217421134928
2.651347865592141,2.6507422956815714,2.6783649487826175,5.076747983560841,3.3819354522315535,3.4300416471910697,4.030283454031842,3.2387891590265134,2.740957854179297,2.8036501509150216
2.928398740585936,2.962777763490158,3.7276295436369797,3.0519458858072994,3.732640077215579,2.9192834198914177,3.0786351903160907,1.0017993154678924,3.9163276747024813,3.346488475897993
3.9980101098596523,0.10374462180631072,5.088374704780728,2.8604103718448264,4.108182816737516,1.9600940728744691,3.6127739050625696,1.9465844368263439,2.3762310393041948,4.914031353866786
2.8093175992366533,3.217432873179723,3.870067730688754,3.4956818879726046,3.1504189051435763,3.3649610024662255,5.403415585238275,2.9423812029664145,3.2010990467149676,4.050654396007612
4.105525932957984,4.187030305560381,3.6387302220291846,1.8569950872695165,4.6334315323010955,1.853654606981312,3.302635465239033,2.245724149980642,2.9358616534070077,3.3287624103034803
3.321357215450273,3.421920754235285,4.613711269058647,3.45353430151398,2.755843364709351,3.964087168288357,4.18947048892464,1.7723921848630075,3.597400069849858,3.701172742310898
2.702436496640008,4.37570681331162,2.8499444129674734,3.1255764534715422,2.82692817571613,3.0155790475814674,1.9037249131047982,1.5599491174057056,4.594505063224972,2.153038651681672
2.0086076505436927,0.8466098863962852,2.3610382523104976,1.6769102065925017,4.642015160136369,4.009817089342635,2.311849654822276,5.252435805344309,3.9817654869915944,2.6751686164913777
0.5005942851264269,5.290942572590742,1.610427533236404,1.3546012530431082,4.0225704320096405,5.439752406339273,4.384272818510518,3.56390912005236,3.594754341665286,3.853415558780308
3.7589285897867653,3.281191423969376,3.104201103951876,2.937406872100478,2.246035411133324,2.719324923133226,1.3070431858046145,2.90166037320525,2.0114088928490825,1.896410682784229
3.1798941511534786,4.392002286344599,3.918316606002313,1.429499396376823,2.0103718634296626,3.940771187988216,2.0175126064616906,2.7753668500029756,3.550052099024552,2.0316555451363647
3.10537550614596,1.6659745050817956,2.398632356048786,3.319781934142537,1.4070062664683307,3.440474737960399,2.980362201073319,3.5524899544171475,3.2239141340646613,4.364140429973844
3.125224502647907,2.570594458874747,3.122297503032284,3.543298029036388,3.0488600703257043,3.040591691203882,2.298008312193245,2.337099082449052,1.5973947282003065,4.749576743186939
1.756136764608715,2.3070948022040927,2.2815927344308027,3.8949243769444415,2.705050321707972,4.247742072673734,2.3265093757561317,3.278994162223802,2.164652946740243,5.145149127773388
1.8124015809704872,3.3098207102270276,3.6337768809320985,3.4137990974514985,2.814712341122292,2.8701793002665736,3.0438114719791094,2.8529979983715115,3.9638791167949097,5.210523001591351
2.4425082149921664,1.6301970204209222,2.911717951648745,5.579709337654318,2.196325432030269,4.6391168054440675,4.677700814076441,2.4464117582920055,3.5689830791852755,4.628396623128538
2.620872259012513,2.796419639897638,2.418319086051356,1.9852432693071331,2.350722454933993,1.7760597332377435,3.034083468259226,2.230026768941358,3.233785911790748,1.4441043537963727
3.330880232214457,3.8335289616089248,1.0062643574285446,3.374056569847572,4.227668992473292,1.7903589813087946,4.672572386837704,3.4190190093660453,2.294988144241591,2.9442309223422938
3.5583269125217223,3.0760053914124117,3.538755992446369,2.0793264069206336,3.1693608240360778,1.5862855030950198,2.8887739386513,2.09609235853521,2.264470057410233,4.236093175210438
4.091310120594269,3.609138120907177,1.907687235327421,2.683591550305198,4.213097699979183,3.141716913639905,5.319329539981695,3.393317839394372,3.1920491164900318,2.6908835357974987
3.1335409047822824,2.847530163619456,3.7081086766885907,3.9567023167945843,2.2140105394920506,1.668767046442222,1.1637946268967034,3.507991326912544,1.8966333938261264,0.8471094070475171
3.3885786045309643,5.492999517432791,2.993929088460107,3.8384907744516417,3.081829358547565,2.9011103468088573,3.9190764829877685,2.709725455811349,3.267392314071903,3.3216978061960134
2.3319095463569512,3.992042349536523,2.825040243304591,2.244254840507155,3.5365098435704034,2.101532018208963,3.0281811573691284,2.9908810033557964,4.085895565831578,3.4746982328799527
2.9749730412548563,3.817766299200287,4.390207549017314,3.557810306351862,3.0103526198433808,1.6881637676498404,1.9348863369246274,2.694775295645332,2.390487797840717,2.813028697014554
3.056649924897107,3.5296927543567307,2.929501221940909,3.4865016438262018,3.06447441481012,1.0245334336461287,2.0606646061812457,2.8559124442783848,1.7903052571588924,3.5999287299962046
4.530750832343697,4.218761851697317,2.786557129069792,4.490726136849952,3.1486674572021114,2.6629140288819606,2.3865973364590602,2.6975303135118716,2.6118231814587713,3.1704162223754877
3.1605739810498648,3.0030460201534144,3.43693816974635,4.190646274786341,3.949554135441324,1.5151020315500965,0.4460788650980452,3.9343199112392737,1.633121301584579,2.7752345981073163
1.8298869739406405,1.1980195624199803,3.541462728204788,3.759155160302647,2.423489599273281,0.4089577078550901,2.453755551747517,3.3918040054025465,1.5210884312258712,3.1833599197791558
2.9846901508270043,3.5792914996010885,3.1195803684141534,2.0269310591184446,4.196571501664492,2.84147042697303,2.972695460490068,2.066732040926804,2.55671774880849,2.115197285973099
2.827053940076577,4.7117084801423434,1.6280988570686437,1.3864386021232589,4.471170327493608,2.790676322848134,2.3309272613400833,4.039904687396076,2.3943844602631357,4.826009713546936
3.6779258713392693,2.5120885918542974,5.1573082132655035,2.3942850769966615,3.742095372009307,3.299292580406492,4.301741289398798,4.561511196726853,3.0320041490657665,2.2465821296538167
3.4599721429391166,2.3222846302478937,5.013387247526623,3.1365353310827375,2.6346784486878914,3.1846803058649082,1.6528737104703035,2.0283859614893487,4.200413907944426,2.3431057210286044
1.9530890173180604,3.536652752527286,4.1857041546629965,3.718953310665067,3.9960476858058165,2.2432049114305395,1.5781893332581562,4.501333651955487,2.6773201611578643,2.749166983544953
4.328194141849058,3.55623000940066,3.4558877720816077,5.165002344901084,2.3564817696198572,3.927840128081237,3.0570131248970847,3.268592278863257,4.528468426412532,3.507835756289624
3.538296079049633,4.072507337309802,2.6350472704571146,2.1607903326609934,1.9551908059789664,1.0336434106239982,5.056207129940322,1.8967916342783169,2.778746376414228,2.7231867001110794
3.3074066978091006,3.8157372125392968,3.8604734883597454,2.4169225614310617,2.8328782862135884,3.2825799504882998,2.751308873816453,4.607345576019993,3.4909749516382513,3.7348777860498172
3.662881268667413,4.173473857485325,3.1810215587037067,1.7031680520441534,3.3996879517526417,2.348643106208171,2.4713833182502434,3.586364018755093,4.238283071433636,3.0212715767360616
3.3088330125989636,4.702214944635238,3.2407531794885682,5.601683114180394,3.5655096456315443,1.2392372408441823,3.7533416211045325,3.3811583848827778,4.289752754082746,3.6731813512699585
2.861544016016226,1.7757017637106343,2.790976742713975,2.1494795457907,2.4194765501952773,3.5885784044206095,4.669904504351406,3.3946715298229813,1.8041169379648156,3.4446026682201407
4.196631486645651,2.390217095680618,2.8659828333270823,3.0146881947291972,2.2151016869177598,3.6482804338438592,2.8790518513922185,3.419532443907028,2.1125078221979,2.5625416996765895
3.7223813578277714,2.627166847908233,4.726963851233405,2.6003638143853975,3.224684725751886,3.9325908318730898,1.5816342670669683,1.2391911880192241,1.4743436854299052,4.262584103427182
2.4481418541075533,5.558199285668252,2.4357524013426115,3.184551303197037,4.542109952567875,5.006092888159123,5.061503576636397,4.208366230593143,4.024062525811463,3.592526949201183
3.7783610761666377,2.4488142836714664,2.181801116577693,2.996625542589048,2.8298153774750716,2.5467719506727247,3.6963874474567153,3.9553052085705107,3.0884068862918475,4.477530081055262
1.858310885866495,2.806340540720282,2.283177679397195,1.13346338292694,2.9173193141573006,2.8782524916167165,4.5134497432421306,3.6308116845547778,1.975813175670795,4.854092566334188
4.221033695525353,3.582097703468616,2.773515901150168,2.0405607632765204,2.627793223928947,4.088748619704186,4.884586305934609,4.543243528272189,2.511150578213726,1.8803825667109888
3.140886246911204,1.2315606344371484,3.3231677141847813,2.8523974137013313,2.5339634981317576,1.4052969327332046,3.5136001065697164,2.4672991603380887,1.830083164289712,0.12773778671835068
2.9724850949493637,4.772251596669744,4.66125921454787,2.5429037434137283,2.3977879396382193,3.4687742560750237,2.0016145608117086,3.3017918998194657,3.76608027838469,4.226933223884307
2.899845923520047,2.796326249823034,2.122017413243439,2.17311964596014,2.7735211080984734,3.367365506816178,3.9135846262332494,2.196821049319655,4.4926885689595215,2.728876398957431
2.978632705651564,2.2527883208521766,0.5757597397270584,3.8840453963610497,3.7368438970924336,2.7186724428817866,3.066990717224872,3.5159392177040996,1.4374541431134573,2.4709473226537053
3.7942646796218273,1.7457105768307506,3.293557932166629,1.643418195376595,3.4664299824335263,2.9643585177025162,1.3848681840944905,4.164739354457171,2.2654084232019507,2.189747562985619
3.200569197230943,4.148637349428715,1.984178181021603,3.061679849847972,3.428816500330573,3.693105607263144,3.176441555277225,2.632972160916678,2.1724097793512804,3.0861438830463745
1.927860988014393,0.07864951650539265,3.436559804157668,3.9039348410861954,0.6370675644581616,1.9902692952900625,3.619154261005198,5.057495469711698,3.020793707675408,2.2719970587708653
2.81710355889516,4.374876419148185,2.3540358208754646,2.2008079933497466,2.5172564778179676,2.0466713917412878,3.1226703159947955,4.62467845846956,3.3230792731160292,2.7476464978737125
2.708188731084456,1.436809191303343,3.883109777147159,2.9221628029871978,2.8195200864093746,6.19310756784486,3.298752908365686,2.2482089499048157,2.5736424037944565,4.148445709196755
3.1132704105377647,1.5617220216826333,3.9192289345752034,2.331855914461006,4.873297776217545,4.0800480657146485,2.5526781043412488,4.281016361735113,3.0678555105274032,3.8527736751222195
3.484732817294475,2.1536433450091264,2.356450167682538,4.029960817581161,2.665224667893459,2.5963515367580032,2.0448774206506473,3.423599065593461,5.062524919243145,1.9324670857457271
3.0242194566727583,4.412220555415429,2.920358608754285,3.452371796249734,1.9376064718531203,3.4283070972076484,2.812855734995451,3.985729995679863,4.187386051564751,5.589563642018614
3.5796331732135758,3.3257963165821662,3.194384301577336,2.6468337071893115,3.3384838434616912,2.7045985898609706,3.168460976269614,4.31759753560796,1.9934574347203589,4.139878561129045
-1.6828849326601347,-3.118068526991079,-5.121854899008595,-3.6078219870944324,-1.7030054534388908,-3.022868062298882,-3.9993022322949106,-3.5047749212282175,-2.159379973495447,-2.4532664317986206
-3.2389320991696944,-3.3668244118146875,-3.391758149043822,-3.9224101844985024,-1.3846243105305582,-3.32232046921134,-1.7828414791745035,-1.4786839480775487,-2.0016891018520395,-3.4316203127180485
-2.5962699096633903,-3.0241956063909163,-3.903701860730128,-2.6756407182783972,-4.179039791159802,-1.8123206115384363,-3.464617297298393,-2.7988403441271608,-2.716712128453858,-3.258904973704077
-2.413306198524725,-3.4749036566225247,-2.128702702542756,-4.3459796802467485,-2.8736204204535882,-1.0610710009417152,-4.0003313246055745,-3.6777449705248513,-2.486092150341085,-2.820418218060402
-2.6493699007264406,-2.5108128698523364,-2.3652785314382303,-1.8903001580437768,-2.5901813430714875,-3.2412576546185425,-2.3274262987972687,-1.1001180651047844,-3.1326337463825737,-3.9745293046706416
-1.8929193307130272,-3.1203811639535983,-5.172669546014037,-2.1525783228495783,-3.5353281859539227,-3.0905332823041607,-2.6680196694309855,-2.8095003202209337,-2.2905481828609604,-3.4354863705698433
-2.486894201823917,-3.2595466775839173,-2.261189519112497,-2.3846325159869464,-3.9354387020445953,-1.9140178838249677,-3.535963445114048,-2.191942201718855,-2.6327126865986594,-1.1618163232048775
-3.2234659823718523,-3.3493167961181975,-3.0194196058877325,-3.3031797828342753,-2.20005809805795,-4.616310608436588,-4.053682419146354,-4.067802921579193,-2.0496924080264245,-1.2893866274180747
-3.1044492185374715,-3.1688217231900104,-2.929947836886819,-1.8381216973918095,-3.9273531341905743,-2.761631017265215,-2.02480237021757,-2.4989058300601545,-2.810418383401257,-1.9989539074328588
-5.703232292999237,-2.3221246804690923,-3.6540756831274237,-4.830632896856457,-2.4887974004750193,-1.6263414548370423,-3.137448514627692,-2.047125452797061,-1.3877217420113546,-1.6850855464159527
-1.360035470628607,-2.2578725089281075,-2.924566361098407,-4.601965811897168,-3.2460624881299487,-3.8432465953161916,-0.8290572825021862,-3.1758858124323366,-2.8767951932155142,-2.4485146239595323
-2.9563975536275464,-1.304948959569247,-3.622649361734452,-2.8053925447627575,-3.7424705856980482,-4.320022511220706,-3.6117690909052853,-3.0370367970484122,-3.4293022245172597,-3.692420979873856
-4.406317463671834,-3.083105572628695,-4.5047203740310025,-2.2399440363103973,-2.917560247065497,-4.45755149946493,-3.3092090770498634,-3.752156405590583,-2.6808254895808195,-1.6595495539768554
-4.875172469645745,-2.8849739208525826,-3.1601327955666405,-2.328659923549534,-2.7868033717623106,-3.751969331738819,-3.319053935666618,-3.796025856803489,-1.9239928614014017,-2.9786883513280578
-1.0988093142469926,-3.060660813814621,-3.708406766910463,-4.513714392612827,-4.803139676255945,-4.5841359430054895,-2.7328733489885164,-2.4912749767700664,-4.581190702032133,-2.1049616859238847
-3.4830610516834395,-2.853206988014451,-1.3877793717445757,-2.103160684134468,-3.2685306479058323,-3.8911922254152875,-5.151815401329305,-3.71915331924242,-3.2111302388276943,-3.987179527151184
-3.1312569670923045,-2.9231481170412317,-3.2248559818080786,-3.6500025808234597,-2.8313453280332723,-2.558059350430591,-4.0903990774428465,-1.58906762025373,-3.0985881322842617,-2.9811503770551524
-2.2917855767434427,-2.7667838687364985,-2.046863366086755,-2.712875834798176,-3.6124373746404377,-2.6384964747938984,-4.143726207320662,-2.891440294223477,-3.0332299906444606,-3.2081168572725396
-3.128537511438931,-4.881849045497639,-3.5487249077409615,-2.9071550988588855,-2.8401436080025997,-4.027675140925958,-1.7342921591352993,-3.866174848214501,-2.030542799473263,-2.5728056381283153
-3.646227309843803,-1.224689107390488,-4.19363683175648,-2.0808458263899983,-1.9994176819570217,-3.670620209076645,-1.6075346999356712,-3.250046514598953,-2.711306370720143,-2.7396781612287793
-3.134308741470548,-2.189191726840218,-2.206511279447787,-4.7485319732381805,-1.6956597571218475,-4.662491988035674,-1.9674537956583427,-1.8732948631724167,-4.0909664302151985,-3.410814287954585
-4.105704668485936,-3.2149210302887354,-3.3080342841857413,-2.22033946773066,-1.6896912538803917,-1.604316189210044,-3.562168026578302,-3.2092218737445277,-4.68343819222095,-3.8058700664961886
-2.0351483669025425,-1.3844171764517683,-4.234348871879922,-3.5924642591528944,-3.026405756958927,-2.719838841180393,-3.8096035199216463,-2.5759389555359102,-3.473839347070916,-3.0144522708782793
-2.4537157519963007,-2.9935777301890623,-3.4363858905265685,-3.1096098039258306,-3.088362959205335,-3.3700110298821278,-3.2587960626671024,-1.401352829495283,-2.439080552058761,-3.2954803180291603
-2.303045595489264,-3.33381948975601,-1.8268753624133587,-2.6303578078019063,-3.1073021440042288,-2.5522830741897224,-4.570876152068499,-4.126767468909805,-4.193925006399056,-2.857056905236293
-1.267485000514908,-0.7686998538073677,-2.361948898559243,-2.499155525055543,-4.801057734152739,-3.542673799734022,-3.787783751908239,-3.620847598251116,-3.1681438185847894,-3.472090577697127
-4.979299810375788,-2.252089743882466,-4.072743025739807,-2.7607531358888506,-0.9259173302500265,-3.9193845915864234,-5.530287522746329,-3.286004221880111,-1.899040365001429,-1.0416525457794061
-4.229549594452417,-2.5033007767634783,-3.4653104567800534,-3.1059483543041355,-0.3556566529829652,-4.502970328395153,-2.7462603385054267,-2.532306828234567,-1.9142136750606529,-2.9020168465291047
-2.6919494604958976,-3.3916485674217913,-2.730873058754893,-3.3431922754974104,-2.378428110143949,-3.369610336043634,-2.6228996060978136,-3.029262813684978,-1.8739497492278319,-3.051393723588486
-4.773032468206882,-1.7380784992860083,-3.905732300862619,-3.6537663386488197,-3.595661294043492,-1.6255619068291827,-5.135674213978696,0.13774853365999373,-1.9439431909339482,-2.7767610858708403
-3.0548940006162866,-2.714445925142343,-2.4788775716206617,-2.354784414049943,-2.4443955339965515,-2.910419318744751,-3.197338420307326,-3.1512732836535116,-3.194908280352681,-1.8662299031329355
-2.4064432777191382,-5.940388634664281,-2.344099223470239,-2.8052638052812253,-3.018708756445897,-3.388518453088886,-1.8758872800139865,-2.052473537877142,-3.772877667823609,-2.592947712875465
-3.971656734541286,-4.379618164788931,-3.626717224589965,-2.1376065276172413,-2.046874954623913,-2.486914579902707,-2.274904213152003,-2.4838217128850415,-3.6414815952229524,-2.5680774553260592
-2.1995904747723176,-2.245708670186426,-1.811086628525357,-2.291696152798936,-2.648551792458417,-1.9298497616835726,-3.0265212592490602,-3.881874651227718,-3.163066963943764,-3.744902644806449
-3.6751782749743818,-3.144518670715518,-3.7924199209999614,-3.3079615296390403,-4.893614666953786,-2.7867062926270614,-2.9987945246377756,-3.8170886310681906,-2.340754331567595,-2.062429862373442
-4.607559864368974,-3.762724778566214,-3.7691423497872982,-3.9399031011088645,-2.1705251580682514,-3.1938261387728035,-3.2645148413106106,-5.0038623644067535,-2.3645819697907737,-4.239258394853472
-2.9400673697336717,-2.722623062041808,-1.639341404161349,-4.308820399119112,-6.019512155820825,-2.816150455246305,-1.1994888184891463,-1.7610536470605627,-2.7903405847253744,-3.4916361856320473
-2.1928774033626897,-3.9735461997044688,-2.5236422306437807,-2.494529840833373,-1.9397900925011202,-0.2403399610889223,-2.607584032821233,-3.5089636257074988,-3.0255743121919942,-4.769075904889118
-3.694713131089058,-3.409282438113104,-3.5240883979345927,-2.847645127966278,-3.822419932382201,-1.8789693326755286,-2.999792935081803,-3.0093003211386145,-3.327894716512918,-2.844809316141021
-2.1749017353323654,-3.8671302157109,-3.6581164890752564,-3.3037260287766648,-4.345870923473215,-3.819257859721498,-3.476220873544659,-2.1256108192872727,-2.737438670998075,-2.8064100886324557
-2.149102037832028,-3.137371788399397,-2.6095351500711104,-3.1032217529324964,-2.7346376506003716,-3.582758657611582,-5.438817158276429,-3.134279162186304,-1.57725186390006,-2.0737845977584075
-2.0346025154088294,-1.7638692781937821,-2.9113424090385625,-2.8026842925944044,-3.61765189543435,-3.31607285602705,-2.384228850228858,-1.7961155628311838,-3.1394462756809993,-3.4501892648514114
-2.999472041143403,-2.3987932510708854,-4.443854816133542,-5.296180953137238,-3.5505368494915834,-4.220712425914159,-3.508140197647311,-3.1477803188174716,-3.4532484090230136,-1.5475324655292546
-2.67325523539768,-2.6995256403891714,-2.377792855956598,-4.138833117780769,-1.9608882125797313,-3.0757642865354597,-2.3295193827587877,-4.071857233040156,-4.553758766016064,-2.1821103419749712
-2.6235904739024836,-3.9020515543575103,-3.8696630812746946,-1.8745652155852306,-4.189411892867328,-1.3573270467440366,-3.9006207346478687,-2.361608074391617,-3.3286184757489847,-2.3968125689176567
-3.544114002114193,-3.162792906072294,-2.959080824604279,-4.002187455781472,-2.2591756545798742,-3.513213566471585,-3.2285999153400184,-3.9943493746085124,-5.5623336587953105,-3.191027762600169
-0.5873845783870841,-2.215395712101976,-3.0192603797343947,-3.262890829208268,-2.9775341071879535,-2.45288088482479,-4.180812815308845,-1.885678305331128,-2.284618684558756,-2.2818142742920653
-2.561524261190273,-2.98038334230601,-2.32713876403318,-2.4081858662586217,-3.3540407109410237,-3.573601772896901,-2.8981437047380134,-1.4509798485048127,-4.239107075653901,-4.46752526575244
-2.8352391587634833,-2.949112298143982,-2.826658335629592,-2.7560468020915,-3.223202254634805,-1.5101365613979179,-4.6009039784765156,-3.828497024780246,-3.1032547601490474,-4.643188811154167
-3.175854404432071,-1.3385298342719818,-2.979113511704038,-2.7692990942813167,-4.26016476517258,-3.6163614080394773,-3.375196380323937,-3.317715096756234,-1.7183562049962313,-2.4423089392748754
-4.111457956937032,-2.753495221567995,-2.501778251503215,-1.8598509614787335,-1.4194593134316265,-4.015094191827869,-3.8108575112103384,-4.257577858914616,-3.2340198591069815,-2.5336416255536656
-2.012665483410898,-3.075951023642523,-3.319847523254844,-2.8482420077512596,-3.835142901630023,-0.9104612783052266,-4.607661027118059,-2.8152594211042756,-0.9763937807703607,-2.993200155440002
-3.1900390350014947,-3.3574454228104273,-3.1803916817624076,-1.6271515253234698,-5.211861911329507,-1.4665662987036745,-4.423957152450145,-3.266652329234415,-3.429244420298662,-2.4114467302292804
-4.598124351883747,-2.5378273339180573,-0.9756903767131475,-4.3631740045928105,-2.8102938323896045,-3.661982177796609,-2.574112793806964,-2.980852222584248,-3.6414869090443096,-2.512127715128926
-1.195651890213257,-3.190903791727299,-2.280242057851818,-4.293272957871164,-3.956436376818009,-2.5275937221196227,-1.515883971464035,-2.64438665121434,-3.3130580305231545,-3.000708594576646
-4.250407733969718,-2.395484673644633,-2.117666937676591,-3.4520903328330803,-3.4700421477595014,-2.7341217703479517,-3.4367197360405957,-3.0661326146258223,-0.9002782108334846,-3.2470257007459966
-3.3583401520212224,-3.647541805635159,-2.2558080285000632,-3.181224173218103,-3.649373038321426,-1.678695967726988,-1.5803969954863628,-3.600423565738705,-4.8665399513606165,-1.9924863101630779
-3.684629825760004,-2.2093744008372314,-4.970103817711836,-2.1074026617006907,-4.211171929280781,-2.2692358809334756,-2.985726932163566,-3.9539394193966446,-3.4070363129267807,-2.313681543043299
-2.8941055468847656,-2.415587019527516,-1.0235594154845145,-4.564241611711052,-1.382787425031376,-2.895644062476787,-3.898784048323128,-4.33031362573899,-3.1891203907770334,-2.0783498880755404
-3.1275491203775343,-1.4888450697526525,-4.451175690051559,-3.0120889478460544,-4.252393444413119,-2.636368117375032,-2.1131126099026996,-3.420761793681053,-5.604213856627134,-2.8010518532035054
-2.5632614482664904,-2.5957052450383022,-1.764217808177846,-4.071053679649049,-2.3197838945495506,-1.807492487522025,-4.778587584006517,-2.680348174081023,-3.5041798310076713,-3.081522673101646
-2.6523235164616636,-3.4872285641135523,-3.6757080791616117,-2.9658475825119752,-4.087245938862803,-4.085825128885185,-2.3206267170434964,-4.148794035158656,-2.333687499090788,-2.537408707146049
-4.725806728790596,-3.677564652335655,-1.8058905969526275,-3.9811655311396814,-3.4644042623093876,-2.5379391067481034,-2.2166094907174045,-3.2515388860444956,-3.5975101946916417,-1.5776301383014923
-1.2611003362024211,-2.0211419492182046,-2.9146818574349758,-3.808265721640926,-3.8304444065565653,-2.4774858947342424,-2.5816017791113164,-1.5984014070535706,-2.349549907463861,-4.503080301759818
-1.9480523822770814,-3.998060627314413,-3.3839712719523516,-2.7497997937483056,-1.0043325102160356,0.10991855600536082,-2.3932769408638173,-3.183196618720388,-2.4654943515194496,-2.1123445741261637
-3.3206676255571916,-1.2047886440876778,-2.769929240808598,-2.502256910908606,-2.3340757479455387,-2.5784133893855445,-2.1610594995303876,-3.617253186546923,-3.5583017539460307,-4.100154232971695
-2.5604987693797736,-2.221063496487886,-2.5422271338481144,-1.3255075666524627,-3.0055960188290465,-2.3312583444074875,-4.091700876139314,-3.387099702474401,-2.3044622424342225,-2.150897889256856
-3.2939669476641824,-3.071599251858067,-4.517873746680809,-3.3570292008066094,-2.109616836480214,-2.4247949838934337,-2.4993342786187904,-2.95022631281904,-2.9929368413718236,-3.660321139473447
-2.3011715797974652,-2.5790270556106103,-2.5079811520072006,-3.5260348426675803,-5.153342919871244,-1.9028472882463043,-3.4788374560084043,-3.8627757640431204,-2.306521088086006,-3.3920126399191295
-1.9400636159533782,-2.3829940504233025,-2.3164306767995226,-4.3659557112005345,-1.7880560146135995,-2.738749468766144,-3.3692771392462033,-2.856611532657749,-4.77623523289832,-2.5913471885193293
-4.029371508182072,-4.352670285843534,-4.522359186217891,-1.8873116250100748,-3.6292633936927885,-1.4662722900835008,-3.535801463052298,-4.707357957592947,-4.116524439948659,-1.7641883799930613
-3.1558981779366677,-3.548287296490601,-2.8399817741472124,-2.498217263832455,-1.8826011840975392,-1.5515007701070738,-3.3597686457890856,-4.326047686082038,-3.413465161123276,-2.739719493417114
-3.9637589262106108,-3.957150914895043,-2.6562121184501146,-3.048652351570451,-2.9672030045884137,-3.7584953347000694,-3.2304007142057674,-3.9242331442683045,-2.109801588875213,-1.9647506652762474
-4.846187862238094,-3.9295108601924102,-4.4965292550900795,-3.650023934406898,-3.083437969790361,-4.44964521969853,-3.9218598131253133,-4.003957372081499,-2.792732670601056,-2.9306556629637495
-3.7217375533372534,-2.823179127860602,-3.5466800845872655,-3.271655110326053,-1.326547909701463,-1.659538948209652,-4.299581236927597,-2.1702675821208253,-2.188603445508408,-4.148263288752618
-2.181222356245139,-1.4620680815874472,-4.122544806244414,-3.9175028210142635,-1.9823385331564976,-2.728504689174352,-2.4485237247604767,-2.6594107835995033,-2.609304079071856,-4.326472128311083
-1.9526822933785517,-1.8304100075722265,-3.2293907440680276,-3.0434769498138623,-4.531107502555722,-2.4857452439821652,-2.427942558285856,-3.062191016999311,-1.8756466401294973,-3.3340772309799407
-2.4353940741063997,-4.019664338692116,-3.023552150874238,-3.1743542579028357,-2.7746920779590583,-3.3695269288333587,-3.131472595671668,-2.1739528285584937,-3.4367642372382177,-4.606577100738679
-1.2504160957945794,-1.6185459213095135,-4.292262695105618,-2.3102921947548056,-3.502974770551343,-2.7365127846689403,-2.705775870986506,-3.234407800316322,-3.7837656655863965,-3.6905410523162594
-3.9161919154812423,-3.8318222082304447,-3.0671782900493554,-3.715759989110752,-2.31794793428738,-1.5127538446640727,-3.580053241370043,-2.760595499464623,-2.500314889697066,-2.5279977290807256
-2.9240447320839125,-2.2573175816402777,-2.5177510473193427,-4.237662422327298,-2.1308439356107267,-2.1127091627332577,-3.7632861041785817,-2.962062164552398,-2.3166710071889307,-3.2093138195793616
-1.9270219522339882,-0.6361275053806392,-3.785986032634982,-4.381044603153775,-2.696181404395124,-2.2784374948738564,-3.230866373844769,-1.5467393366789657,-4.338605799723249,-2.307081376968389
-3.6058608207588936,-1.2806220937927033,-1.0074846468318817,-3.766656587783348,-3.54955713590858,-2.140412113020198,-3.3871306497895146,-3.045411217932238,-2.97461157945759,-4.919673156197656
-3.013837746094237,-3.689727774064174,-3.493122822399772,-1.5563679965311858,-4.256506894279257,-2.186794813252023,-3.2789629303318084,-3.2797601684958346,-2.2096281039482886,-2.6599487054311095
-2.429387002780469,-2.0318153394671388,-3.331308383183323,-3.6122367345077504,-4.085150526557798,-3.825410529978955,-0.05090557469127477,-1.7553204192632132,-4.351074366208021,-4.32245795674357
-2.5181339382815087,-2.452735202622033,-2.4511161646826354,-3.2549557935536977,-3.1254542600029,-2.6721204758406425,-2.9141069937066697,-5.219300372747535,-3.2297996305751937,-3.851406434260314
-2.824788581091488,-0.014740997396589961,-2.6325183345256957,-3.313529686172398,-2.078198498022748,-2.5173121127907874,-2.579905509548159,-2.393149406784329,-0.9434564351704586,-4.130888435325915
-2.5263679231885456,-3.9263811299815385,-2.4444873536577516,-3.9186865114860945,-3.4173668136050845,-3.295089914237906,-2.024183280655291,-2.081545556057586,-4.245717376446384,-2.9450658890001513
-3.7095798547491725,-4.2585049106753345,-3.2170170504243703,-3.30848278845582,-0.5732835136544776,-2.567040174639304,-4.377617500754237,-3.564774004170942,-1.9786167045706016,-0.9115572271300749
-4.585983312237959,-4.879924385139045,-1.1290348246282178,-2.6103858226290964,-3.8682927318763665,-2.465370913877565,-5.635747739016878,-2.996624493402839,-2.6721788271569147,-2.0757298604621703
-4.013895952292538,-2.914312838596641,-3.9254246260595873,-2.744616244325683,-3.8953463223630242,-3.4081008391602206,-3.9958153947902293,-2.3488637581763427,-2.1415488833433347,-3.2346205699574138
-2.961762005039972,-4.448591414633544,-3.299676648006787,-3.0502046170417447,-0.37920690897002496,-4.111967025774163,-1.5358227612475626,-2.003141226534192,-2.7193635955098636,-1.2413795158048666
-2.627894527393137,-2.610840804332071,-3.053120653017545,-1.7764311175813725,-1.9035307661891163,-3.625677287496212,-4.319247194598767,-3.2029806373956573,-3.8000385643976466,-3.063524574615355
-1.7625618653158608,-3.45730165508679,-3.042823381311575,-2.9419772651916047,-2.1515691177947156,-5.246889333984605,-3.6067002947652966,-2.7887163077205273,-1.7999210435731388,-3.491902447506205
-4.876552706041874,-2.380288554033864,-3.6353623888256292,-4.189666659090362,-3.6243453897132243,-3.1845253576558497,-3.6047446645382126,-5.20556605709907,-2.102933803112868,-1.7251249587212778
-2.348478008660494,-4.137685670424816,-3.201491533947518,-3.006521315229458,-2.40120561043809,-2.331659511281919,-3.734173798778496,-2.9180044435864394,-2.542719595384759,-1.5441776778532335
-2.295493460175277,-2.2109433126244813,-2.916173372070639,-1.5895408547964962,-2.590237204040503,-3.8610879101735707,-1.5966300298748093,-2.3020967274609725,-3.4430440211284825,-3.4794929673992434
-2.7034244548592383,-2.5368152047324153,-2.8027077343687936,-2.688691326557115,-1.3000426254236195,-1.9284568477651143,-2.8093644087349756,-2.0586894192325165,-4.032523903527539,-2.602072950053191
-1.19069365026689,-3.2180458953923736,-3.847633928619085,-3.6520888885930605,-4.089633037342388,-3.7847619081277033,-3.370508098590029,-4.405567019178642,-2.984381666050397,-2.097722826213353
-3.9077561801469205,-1.4807160763582312,-2.4892079114724055,-1.9694194143759427,-3.657834553852137,-2.145474772933384,-4.091933900395313,-2.1097524991634913,-2.8281606602064686,-2.4467487800152163
-4.175594605624852,-3.895069842276605,-2.4027717817466154,-3.9483480042242007,-2.536793707900877,-4.367137806460246,-2.151825787333332,-4.232523314768509,-2.447700062320477,-2.3743690663539994
-3.696771818429575,-2.4179734329152733,-2.739557736666444,-3.538841856192738,-4.008554684076208,-4.962625691672579,-2.6503499527003065,-4.564802771362055,-2.9046558005586918,-3.2634482160822493
-2.3208572245618044,-3.3020454994898643,-3.3294477863470915,-2.2681292957117045,-2.6649419709158826,-2.683844042817222,-2.5307324101914737,-4.535572123207106,-2.243211320013018,-2.387531205986398
-4.0166831285764975,-3.2440804736742015,-3.039307287627631,-3.134496784401733,-2.666140033431465,-1.5686332181688165,-1.9182332723271713,-4.312219193431407,-2.3779300096939515,-1.6710666804645904
-2.6131914793107973,-1.909019574814033,-0.9877295542992348,-1.9762904538930186,-2.750691404358271,-1.9549115259152465,-2.8551121669031088,-2.9760969567150446,-3.3514142357137326,-1.4365866411678918
-3.8184286659420015,-1.467632275321884,-2.5001358762596286,-4.399306174801941,-2.6323507070085785,-5.100026507651624,-2.3744919831689644,-2.114768517011009,-3.5923559556520535,-2.8764523040444177
-1.0458425662497137,-3.5057467042619366,-4.0589075870566,-1.5183365975374012,-1.0374128094692052,-2.996304328152153,-1.9885369645916438,-1.658524084469119,-3.7424842325383842,-3.4853058353678685
-1.769125486845265,-1.3149857212914906,-2.4371191398256453,-3.8798143535020544,-1.0129388883005588,-3.5309708978119643,-3.3351377811714515,-2.6576621655103785,-1.4458395792852259,-2.1460240234477763
-2.5851344996380896,-2.5367114698818938,-2.956485331356534,-2.441860485481494,-5.529560077694303,-3.2966074590697985,-2.758678065083219,-4.151014083619507,-2.61367668218844,-3.2044712209861217
-1.24452430168451,-1.4269802747851437,-3.465805569118163,-3.1508377115666955,-3.0739475656083926,-3.4516594761596227,-2.8049750159718734,-3.75828206888759,-4.130615334937526,-2.377288776099731
-2.3704704157781893,-3.8043157596599926,-2.1046445692374003,-3.6315777291653313,-2.7468347619620186,-2.179655987387544,-3.033612564703713,-2.5452590878588657,-3.5164296438875717,-3.196466583428097
-3.2058594308803405,-3.7465783465402387,-3.176774163115782,-4.5486182988637465,-3.491153747142105,-3.284875493369671,-3.25617975249538,-3.241497445870779,-3.061764199860129,-2.520558481913936
-2.1254829258674777,-3.649765226848267,-4.203200855389144,-4.0420444122431025,-3.4872029211949274,-3.351921317816509,-3.769996066197457,-4.296116664249895,-3.456120827474188,-2.8185733798860286
-2.4049705341644354,-3.5574230531083213,-3.412997822143434,-3.926698308847311,-3.0314391703747763,-3.8484286341908147,-2.4268721867588,-4.785866491934112,-3.3596296724524626,-2.6988926608082577
-2.8161654836774956,-0.3069663360195034,-2.6501999754320926,-4.0040545968420105,-3.095464247089073,-4.776246333466451,-3.080599749296761,-3.833056057000759,-2.0846097244398383,-3.549540274595535
-3.1167659157952468,-3.6355578414044034,-1.2611486481466687,-3.3212427661179116,-1.1674429565207982,-2.1858482378817334,-2.5179332726646138,-2.6312668526824803,-2.6062027017837486,-4.92767257934561
-3.2788833941507565,-2.154842028815678,-3.0488971834741054,-4.405189846803575,-3.0524044505774697,-1.2958944837445088,-1.7531082844652806,-3.062004009366032,-2.0485507229419135,-3.3665070203680516
-4.703871586826719,-3.9244659881295543,-1.4371112314918022,-3.273993081829304,-3.243383979375018,-3.2998381962748806,-1.095863410426993,-1.3740410846379367,-0.7812197665518661,-3.1590452104000515
-2.704375511252905,-4.516642549420791,-1.5230655738817256,-4.167779551267935,-2.783224436237371,-4.097302527632844,-3.588866826738696,-3.8372624310497003,-3.6078752606758178,-3.5391227031489785
-3.548268794925077,-2.166666088219693,-4.10486279306252,-2.779458572986133,-1.7820408476944416,-3.513196364513396,-3.717918890747602,-3.2305246251802506,-1.8202747916392898,-2.805892369046642
-3.5312142946075986,-2.51612334881196,-4.1022921498364235,-2.318640489557052,-2.5913926922982324,-3.307808471138884,-3.838585798447231,-3.8866809222834573,-2.46518266365409,-1.7710194975109381
-3.6373077470287947,-2.541613296448516,-5.087027018602068,-3.5846177306571994,-3.031058932870902,-3.9096834169818337,-3.936506374789596,-3.6677795564688864,-2.707807271673627,-3.1873290184063747
-5.2382312333249725,-5.120700152635067,-3.606865177857175,-2.542313413946448,-5.747504842725235,-3.4997301761516306,-3.526247856517421,-1.6116622217915522,-3.3850218117128636,-2.6170110152590715
-2.8587428599125366,-5.1305664798072,-2.2317927833682627,-2.784603494543712,-2.4917313603254105,0.9262377064363267,-5.0841129394985884,-1.2753033502388915,-3.2874475194003554,-2.7126710955969906
-3.045512245301242,-3.4242363333980435,-3.5698329282387586,-2.6704912644269907,-4.517173696671679,-2.2494208324782345,-3.416194404885254,-4.130069339040357,-3.4500128579958136,-1.7428507831374271
-3.535335087016223,-2.6415463817903797,-3.7309562757154735,-2.2420781500763804,-2.314492261209796,-1.1513911667035885,-3.1755639454992153,-2.3313451952420934,-2.9019324604610555,-1.7041282181369857
-3.7188323876087304,-2.2549946871227187,-3.1946972961166815,-3.064188177108498,-2.908247515551627,-2.7477596035733227,-3.116229043121958,-2.7852868168294735,-1.4218819424378155,-2.0145503143847816
-2.1308454075031036,-3.4555395260238706,-3.889240828228324,-2.0446994417622473,-2.1239532074702057,-1.527329324249018,-3.6039806259692293,-3.229548655360347,-4.639484162525434,-3.392471106060873
-2.0034294894205527,-3.466495379228198,-2.359520204799176,-3.1905031059978115,-2.6759429717784395,-4.147691389815668,-2.914790550366099,-5.991135970900723,-3.186896158161985,-4.63047324371514
-1.794005483453184,-2.222592647235489,-2.533329018033919,-1.47899377284062,-3.948916520824837,-1.2526368020844418,-2.0678084357396154,-3.236555287218946,-1.8643798528170559,-4.106293512411634
-3.8245141615276737,-3.6085897232397004,-3.5289777080640152,-4.056557642760253,-1.776916932904675,-3.258854400369832,-2.6474950316431203,-3.5703513664136803,-4.820603300548517,-2.729942641608578
-4.912254975419777,-3.0686340460854686,-4.368315038832811,-1.012724000769192,-2.088637277825278,-2.8942462087285197,-1.7362933223453314,-3.8463159774657356,-2.456520621329907,-2.8001895662812863
-2.73597991866633,-1.7276464998932322,-2.267507897220198,-2.7112763371749766,-4.654887436228297,-3.9600462952794637,-3.122708933595724,-2.906627625723349,-4.130203724673924,-0.5883233244215789
-1.4836059447464272,-2.3978816796075164,-2.9279631387162555,-3.212208969901152,-3.9519184600222355,-2.9225194814811375,-2.7422474598572495,-4.241760575481624,-2.6658235827551024,-3.1552590488247487
-4.9078075578773905,-3.8603850107795017,-3.413605533421644,-1.1123123426598096,-2.443446875466242,-4.335481569099891,-2.513963710582363,-4.547303988938365,-1.9173089461129267,-3.4711246518178784
-3.093636188739171,-1.67420335245781,-4.2871635685842495,-4.3971181851129915,-3.583599326346005,-1.9616211489806834,-4.519346075476842,-5.832155598110569,-3.451158858408999,-2.4482592000890797
-1.7997382502611707,-3.463161362085399,-3.4114266071160024,-1.8460992657442528,-4.869741699695421,-3.388520775183009,-2.8095761100749423,-2.5507812787149655,-3.5098066931908827,-2.9655589882941586
-5.4883273534129895,-3.6582484123338483,-2.5464912874455328,-3.9822940342546795,-2.9410157784104025,-2.553127499197302,-3.342549200857765,-2.829536229003429,-3.9627325652846124,-3.2066112796960464
-2.3897838304107775,-2.8430270390315657,-3.5865312695639355,-2.775783595709207,-2.285390209363382,-5.049941278577478,-1.8409259350441023,-3.336254738681072,-2.57451006675977,-1.802753076354772
-4.371673697230466,-3.7094410024275466,-3.2885486958757046,-3.7837535211244284,-1.2650634241631915,-3.856772093826793,-3.5555467794868667,-2.7956109683970234,-4.202149526076089,-3.3956807117562637
-2.6825467387498247,-3.332860404382511,-3.0933868588999482,-3.5293321124483708,-4.514470309180767,-2.6784067886607614,-1.2450669283527585,-2.9815983692165617,-2.7747358827524504,-2.3072772448831405
-4.269330496546699,-1.2974853418703944,-2.797671203577198,-1.368143100910891,-3.733032995523989,-1.1819380774421753,-2.224844505965217,-2.4469599141476417,-2.765975545646852,-3.2485286180744493
-1.7994683415261274,-2.859640130151953,-4.9670697035871525,-4.117186461707003,-3.1858457521927472,-2.690001016834445,-3.0565884888998958,-1.7810292102063368,-4.951101864038625,-2.85641206349484
-4.8179792253871545,-2.240287704515832,-3.094458714442003,-2.580390027975882,-3.863882960589766,-1.720535068342249,-1.9582753359411487,-2.4164556969881126,-3.1295172468634407,-2.420142714704868
-3.706892567987349,-2.144444340979288,-1.350519105676079,-1.9293894400208138,-3.7296024698074097,-2.638582682726897,-4.293141543758647,-2.427609688824324,-2.549396587137461,-4.869816339532164
-4.161783843912364,-3.2831388967437674,-3.300859747140826,-4.209476935418805,-2.611021270647816,-2.748526391059488,-3.1942691319785195,-3.755791500158363,-1.9512928735834365,-1.3445928869117048
-3.483561483846537,-3.6121669171548207,-2.5087923345880037,-3.358029379746986,-3.1393972006632342,-2.2603468482753284,-4.909356087507293,-1.6816976751473307,-2.9273194756706586,-3.41149314456218
-3.0892341542214488,-3.0375706449794815,-4.731201303444926,-1.505061772546764,-2.9586743677293814,-2.556997869552625,-2.0484502294259572,-4.0211624575603,-2.5265281009647715,-3.2676410908987936
-2.153229224783506,-5.127227420351495,-3.099094300241269,-3.6028206557839617,-2.5677370493658445,-2.529955812631798,-3.707625894822026,-3.7121738641760436,-3.1106653685573296,-3.8966422273152084
-2.158016304547873,-3.369207200447446,-5.906988219321642,-3.374822056621806,-4.038543820843972,-4.6312758154609455,-4.237426638222573,-2.89059152816703,-1.6713591717517688,-2.68681552613502
-3.6065033882157396,-2.5440958048292974,-3.4590903102189916,-3.694600369163145,-4.154362668232984,-4.751828806751719,-3.389923706559445,-2.841946510079868,-3.09662367001489,-3.4159669279473586
-3.945746060696781,-2.3917538083150314,-4.3171319199465845,-2.2239720861565244,-4.002217018926725,-3.752435237353035,-4.466785190615677,-3.5014021468856367,-2.024687541522021,-2.4843719115560434
-2.021577887971965,-2.477857454066064,-4.10366982853037,-3.330789224327557,-3.7801991291174626,-1.6694250959609598,-4.196788646426311,-2.1063023106108894,-2.1070461298912306,-1.1703797982839128
-3.4096865926294972,-2.287677840419838,-0.7183481634611573,-3.6176416769336965,-4.5350402475323595,-4.880010033907764,-2.2872879711386687,-4.883150208058584,-3.372319052937923,-2.562686812961039
-2.814824463170086,-2.5745551358158276,-2.777710144199146,-1.7211341866866068,-3.952316380738797,-3.6769951384585315,-3.7726594452708238,-2.16980818813739,-2.0996014116049366,-2.548774680681492
-1.8165063331100721,-4.178040867376381,-1.332775888448863,-1.4767613782877418,-2.2643780027542535,-1.21820109122894,-4.656623207677773,-3.524448136262652,-3.735303460681952,-2.278520676242657
-4.050140739602146,-2.2425048506625145,-1.6294638560032866,-2.3047970999160006,-2.7162489763384987,-3.987873340900749,-3.8468509661253645,-1.7503810947033334,-2.2206509960946677,-3.039019519377544
-3.4179095457658906,-5.025807873111377,-4.070852418684439,-1.0885809128602766,-4.2804555710024665,-2.810520178778919,-1.9925560268048015,-4.254922668002292,-2.8152895252189167,-2.062084462489345
-2.9875006780927498,-0.13159694433323166,-4.668599258878196,-1.9412714701161211,-3.1728017373964645,-2.228079845163325,-2.5586928483007543,-3.7331561971099965,-2.77100360754066,-4.857901451398288
-2.3967524994286062,-2.7018415340094744,-2.3613398313568976,-1.9418816749128498,-2.632380159790289,-2.8519105802017237,-3.881068336661292,-3.712220763649051,-1.813265379822669,-1.5636645942940215
-3.238110436312054,-2.953997252746726,-3.9046143749937663,-1.8272431547325552,-2.334583176308221,-1.0587825635362509,-3.878323077179739,-3.3780078990182174,-2.7685540774744277,-2.3535104622742296
-3.2156676375476323,-3.8729610904537006,-2.118592471076429,-2.2788646374544186,-3.916274100563725,-1.6445571988945042,-1.8298012908033963,-2.8657035027522073,-2.9204021376239635,-2.4459422288840926
-3.861703070256258,-2.9699685208359177,-5.15238354460918,-2.1235443544970645,-4.561493222441859,-1.496580171571001,-3.33012009396645,-3.211666981931177,-3.6277339060845057,-3.2880388739220763
-1.5814686548519634,-5.48780865653508,-1.7230346139118122,-2.661976518898292,-4.207021647857216,-4.075312393049238,-1.323606972791797,-3.945506879942731,-4.15335051059596,-1.8626854576352707
-2.661447123714086,-3.937925576536399,-2.783375024595381,-4.0257526836402775,-1.8991786015773948,-1.9386290351268665,-2.467993801178057,-2.6383389387529834,-1.2388118751326263,-3.0003136726117745
-4.181874125420801,-2.550526087167693,-0.9139529504628863,-4.014759493185852,-3.3614627666939856,-2.5835539618985472,-3.053904849005739,-3.9823035803773146,-1.8781421437695291,-0.6799592779827406
0.19613145902390733,-0.9040682897360003,-1.548960525053475,0.2579759812211809,1.1038773433162576,0.4751677464953816,-0.002403840918853844,-0.5892716517893062,-1.0921636327180897,0.8347513263248821
0.9137716213855857,-1.5457297866907331,1.5898389781806839,0.5740712208940013,1.3995946451457935,-1.342127748485115,-1.365824155415439,-0.14896930976729691,0.5027844268951942,1.7963608229269636
0.7060789138151315,-0.24268127681203333,-1.0263692076658921,1.23000057271915,-0.9647054257507148,1.6284685547723217,-0.28438464960650933,1.5905820726178503,0.6789312900592783,-0.13699548944245826
-0.5193963718261266,-0.3409078773460798,0.4283166923752375,0.07715649621771674,-0.5938114080687051,-0.16563141031763223,0.0785770297191498,-2.128734094414812,0.4581681147886987,-0.9797212247168068
-1.153332403205745,-1.6873443471107104,-1.7938924978678903,-1.3554475031122892,-0.7090209576304904,1.9532591375265682,-0.5258796758952039,0.17775010626803134,0.4004813865063287,0.13106518621584873
-0.07744346072599365,-1.1952937635992447,1.4509275482792119,1.8071966436378852,-1.6826586941226858,-1.0240285908863795,-0.2798103423770061,-0.9645377949101913,0.5059655534558652,-0.7282722024066131
2.1650560678066024,1.190548594343596,0.2125740306322149,1.0269862633197322,1.105900424357309,-0.5639474880582432,-0.8162172445419648,0.07814306296964744,0.861636124497944,0.13906039865341766
-1.5769964821909972,-0.8028244439508423,-0.07397286359437803,-0.07566560432583026,1.9725421767898081,-1.385987942398998,0.5055892418358746,1.4891131083282896,2.271449745422796,-0.40439742318396127
0.4914294527201998,0.5697603571986469,0.19548173155329082,-0.09884520123930605,0.4359753895000459,-2.5322460852196853,0.6820694900626313,0.12617790366196718,-0.22247489677826537,2.046862195719558
-0.6749340187905523,-0.4030759890650308,1.991553302204734,-0.8320613048498566,-0.5501152829365389,-0.14702542343084998,0.8407344821295493,0.2078025073533134,-1.2926253471522626,-0.5321685631271895
-0.6073544332122114,-0.07722104522304557,0.4258436586298291,0.4182057558879721,-1.7760117540484022,1.063940987560856,0.2525688459966235,1.3845320475939062,0.4441983272906719,1.1013229577357622
0.46654531145012695,1.3462257562027482,0.5222506360177785,-0.09791524644290406,2.2724347204468818,0.8890371222798921,0.5737444210044131,-1.276304416538336,-1.2883076174635377,0.2927154821418534
0.1455211977682408,-0.6141225650083162,0.14098269961206,1.5886269280435958,0.6954024745502987,-1.1410085097527383,-0.1115088271429437,-0.8049664808525608,-0.38769991640856116,-0.41361566562964275
-0.4776455826040052,-1.2551353719733949,-0.12765468151819012,-0.56060763684731,-2.929448690002268,2.052972024501663,1.088769654216672,-0.37630072492499606,0.018819049740598424,-1.1716543473175618
1.6957228778108653,1.8972886947731116,0.1566937282465246,1.0235306441853447,0.17528677893392386,-1.3367254388759306,-0.4118233689636573,0.13192796677195706,-0.4545477187434442,-0.218653277435036
-0.09139955750911445,-0.08087849786546131,0.05225849049748321,-1.060605066396601,-0.7170161491279362,-1.2845842656999693,0.9778155496862003,-2.1056469418403245,1.1535903433169254,1.3863493972628433
-0.3021805869826214,-2.6031370878272986,-0.3613105619672905,-0.06418416128881928,-1.0105982199289134,-0.5152183938082427,1.5301951988633513,0.664927162301741,-0.9245641143780999,-1.5975991695954321
-0.3270173176097711,-0.21345677935043825,0.4961991873633163,-0.535316712567659,0.5114995753618614,1.9351540400602292,0.8155010224442626,-0.048088507330772585,-0.18315047105329468,-0.35667313417987123
1.1806409124521446,-0.6273134459513029,0.04522270899998256,0.05119790188108534,-0.501784192811532,-1.3724655478841008,0.32297450361766816,-0.06100397185538355,0.5002404694365699,-0.5336003064391669
1.2208212988130478,-0.8767737812118448,1.7120402840178925,-1.7476365098282616,0.43477006455689116,0.47543068252662346,-0.7955570679408823,0.4243939378610126,1.2795186697601588,-2.2168188393540644
0.5027448074908146,-2.4932708203300775,-0.965664803523208,1.6291663649009451,-0.581782033392054,-1.1738799644089726,-0.19793772898468187,2.067906338163552,-1.8316822472060261,-1.0513099116393445
1.4974316831796264,1.8577023435377324,-0.10343122429028392,-1.2390527025266425,2.095843501809159,1.5944423917491968,0.678946987762233,-0.81240234893742,-0.049029340838036735,-0.16036008104483077
0.33085130461557777,1.451001438131336,0.8794170411374032,-1.0773760769847582,1.3764964500195378,0.3131321400131553,0.6870657958589163,1.466540859278603,-1.1115802495135512,-0.035825578706462934
-0.531454551359215,-1.5678594253654559,0.3467099776049199,2.5115565515844236,-1.8400777445057528,-0.032280611049470324,0.6405429350747734,0.12307820165618115,-0.1131280525157404,-1.2992163634458243
0.23278674294016363,-0.7567639770159263,-2.1899217049785533,1.1945922205137307,0.9583858198420424,0.0516609768510798,0.22907468820570256,1.0743180127155614,0.2243396567780826,0.9040175547613144
-0.29748220087385013,1.3119837385739466,0.3207857259326839,0.19405194360587402,-1.270061088712032,0.2869558543017087,-0.8319549174944512,-0.6382827265284942,-0.8153756283161211,-1.066234931899225
2.1247714030169615,1.3313390619884031,1.9203675021442612,-1.222895019555564,0.07125374991089249,-1.2935076252040958,-0.695694877197064,-0.9181269834165748,1.2395840064415615,-0.39622967810175985
1.0683793336940164,0.604120889588518,2.303638752104789,-1.479444223139724,1.259233239786799,1.1464408704007276,-0.9733788380270346,1.0071333364731596,0.3361449630262288,-0.22747625995340778
-0.8239354869719996,-0.7191094514491859,2.049812095785926,0.000682818957482628,0.7821300015314592,-0.7908993816675531,-0.7798529462216388,1.0819848092499422,-1.3495762115515322,-0.41521376790527154
0.03402741107223205,0.11137260184005242,-0.17909328501615626,0.3958197810959231,0.6928557558178116,0.73463754545933,-0.9858038086678267,-0.2841550979287972,1.1947628618769377,0.8946471875738723
-1.372859451481064,0.35147990035220167,-1.9782252493748103,0.04693490206036963,1.897767016745977,-0.9478927172689863,-0.8343230454915821,0.7640297815728595,-1.542801515209646,-0.6327550298850391
0.5964411375817527,-0.6342858476894031,-0.23596998721097162,0.7441857103150346,0.42154608353656126,0.2668183962954019,-0.33912227927003874,0.37006111526895535,-0.12373268009975662,0.45780560992578473
-0.49693202511797824,-0.18256897437954112,-0.9899577925520139,-0.0350076100062359,-0.8110008636288448,-1.1140464501619933,0.25866114785538813,0.21273977585766032,0.7828737349485725,-0.43112556957509907
0.4080528468367557,0.5507975722736632,0.44477380783159476,-0.8256536828021421,0.1493634822711889,0.36414029605466136,0.007178466907941942,-2.0864776583710847,0.16048962397348007,2.212531039397242
-0.3600392687569827,-0.7280770978553212,0.3733485597113982,0.3123782104665717,1.1927351654164144,-1.2578681559088878,0.7313802525749924,0.5904220612514635,-0.1421465369405461,0.33868731792169
1.0294574815983573,0.8723153800284503,-1.1430193120737286,0.8201581867554845,-0.06468860503251848,0.07287409801551539,0.0731969910016945,-0.15024298879825998,1.191707497107065,-0.08371795984921201
-1.1195461283831687,-0.39352985596972884,0.1786947168104756,1.2292147842970504,0.6030946849488336,-0.8505352787470439,2.4851899166788916,0.2647753109779796,1.2753907379990148,-0.15171443357722914
0.5333592447054494,0.8394685045184047,1.218194711754256,1.057368305378225,0.8721970000729778,-0.3150867311941086,-0.5717460419560614,0.33260751032419755,0.9331280723410693,-0.22272070077660705
1.0651719657143865,1.4526167454861794,-0.9163209190734197,-0.8369207037962799,-0.14037505890533644,0.3076126681891964,-0.524567013767051,1.3522026788671444,0.4240668615184512,0.03944704824073949
-1.4359095238685275,-1.3158158164275071,0.2810092502818063,-2.132595626154836,1.0126374096440718,-0.1581538443723203,3.2430929695947333,2.3079162506161106,-0.18144906924751675,-0.10633700253131496
0.9955815140020298,1.7031726099180378,-1.6380290574360168,-1.7863754653546866,-0.6220348055543814,0.5827375831738644,0.4968735905075971,1.0697714549838502,-1.1996975283653082,-2.3161438629688766
0.8580141953021454,-0.8281962729652346,-2.018487864388638,0.14506374595938162,0.7931756882186773,-0.12205713212127726,-0.45784838618248924,-0.15936223214590656,-0.37058276240078286,-1.3480471119401671
-0.7146806769904318,0.5212799050138145,0.3216785413765001,0.16805980596682024,-0.9951484818533795,-0.18150316213566714,-2.1770650464428547,0.17847666388538974,1.4288577078135674,-1.4741321320421057
-0.5859276733177553,0.32910677871012955,1.2528426344274837,-0.4482246163001494,-0.6922503292658964,-1.9689231424160831,0.10343812930810638,2.042076040143744,0.2773584619646759,-0.022278979183713316
0.32208231076698546,-0.01109200394860206,-0.8130143722601298,0.8232799156777053,0.2257615231117544,0.017613251933657315,-0.97536602727825,1.3035079319347591,0.6647027453331099,-0.552920837367302
1.0018248536819372,-0.49757083838520716,-0.782003492511037,-0.7597031174802871,-1.7710685530880912,0.47154238041820573,-1.8311448783383502,-1.2284438312657626,-2.0755880090785332,-0.08606969279089306
-0.15032046027187207,-0.32669621318636405,-1.0425776946705763,-1.17223375343664,0.46436986354657417,-0.5505519317084877,0.31635832153614474,-0.8852486861242225,0.18106274277108234,1.3032780373160637
0.5861658003927833,-0.4124138182164804,0.25719897035592737,-0.24066517453021302,0.007880184694728152,-0.3256110521485036,-0.1643352058853912,0.21209335307417523,-0.9933586995819507,-1.0158788269899783
-1.388542553831211,-1.60027110450371,-1.2172826922204794,0.15946250680412918,-0.8927875154918841,0.5136144642310962,0.03471374875256186,-1.9685042134380537,0.6549755842216898,0.8107986455917099
-0.9938626748348534,0.4201915428949916,-0.856498237409199,0.0976703767483354,-1.2644984069549656,-1.7931064525345768,-0.3828171896129687,-0.12372894627483615,-0.39767969361460404,-1.1840305582225594
-0.3998990621311371,0.269294752580734,-0.04489303012253698,0.1825010305992134,-0.6701152004542329,1.1717179147161596,-1.1761733365547806,0.4875602970867186,1.1818910929599615,0.4809080927488954
-0.20252422706483003,-0.5282970466629792,1.036087651046256,-1.422974925261673,-0.9701242603796436,-0.3975577654917214,1.2376537575119981,0.37976763604089603,-0.9680457585102453,-0.31030770538490365
-0.6143231440962944,-0.7097889922335351,0.9788895585567792,-1.3717431292635056,1.6087808557343735,0.8282296901846228,1.090861670603698,-0.4629395120252583,-0.14994071907910936,-1.433151814524712
-0.524662407066803,0.4936548476431509,1.2960630617813962,-1.1071568168024517,-0.36550593698526584,-0.15129922023252232,-1.3957892021924851,0.5913492417584003,-0.7239903317426091,-0.19539035117702397
-0.4519493719118777,-0.7893385057196743,-0.0070449854805546995,-0.21560957856802238,-0.37185788227866556,-0.7284616216803428,0.31952467078295543,1.653617268492285,0.13988723283912738,0.996118214911129
-1.3902219251534627,0.15776143929376948,-1.0973683189710666,-1.4769249275319014,-0.7393714074590363,1.1918993344135729,0.9500158286696456,0.24300472205439969,-1.5327005598899308,-0.1962806513879368
0.30170000890173554,0.1755362295785979,-1.8437935834807457,-0.8903178480198718,-0.06407776414871663,0.5362909095171899,-2.1961278210999464,-0.16212397547985843,0.14304876987895235,0.8496119885162131
0.6928575842374367,0.5825713188088052,-0.7999405067019342,-1.9080021371233076,-0.39305275706140097,1.00163182520856,1.3934545275244314,0.7105491022977853,0.42934082280173436,0.3796396483859655
-0.5561187467607805,-0.13006029355362003,1.669069525826331,-0.9425580057918763,1.6147787907098514,-0.3220281544920584,1.3254321090950785,-1.4068150094975382,0.5859042011646491,-0.736770135947622
-1.4152671919241875,0.21853404241094568,1.0094717885959688,-0.8449414385934964,-1.4990159604584012,-0.09184476433495513,-0.08743532877718108,0.5483196275544987,0.9495945713644882,-0.059415181272494094
1.855503314794263,0.22423474453529177,-0.3464265060068996,-1.611567359102828,-0.26265952031616774,-0.33638694541113623,0.9603047962814704,0.46248362406685406,-1.1793691216326172,0.1722543864110375
0.6715311717290534,1.5280313593878327,0.8875039674140593,0.7608466543114778,0.06008599461516361,0.3883120054234496,1.2495049007061587,-1.3327773974796497,-0.3494393272169559,-0.7725687487562407
0.3791531187261241,1.2302221756507876,-0.5969742867210739,-2.390304367469438,-0.41222074502447015,0.9134737320174066,0.5376299029498797,0.4281862478105761,-0.27999330187447974,-1.2790307362197864
0.5152943216244674,-0.8342818100346248,2.184096733380456,0.570507208354516,-0.5806483025539511,-0.6113852473886282,-0.09294420661358828,-0.23950192202174977,1.1168337755299542,0.18641616974404632
-0.7316317389085281,1.8904406851557827,0.04930833152022263,0.7688396759688968,-0.6082265074447593,0.3631156277445234,0.3111099911431952,-1.889649292096153,2.01527511046064,1.2906444609225471
-0.39719531614598763,-1.1022697404558555,0.347561613803552,0.08669769941439658,0.3556689485632294,0.19157739619408962,0.5062409893059261,1.4473056993918065,0.5681032051286461,-1.0496554989099411
1.362562852712452,1.6406145634882874,3.152056734512085,-1.123494033239598,0.242882013150275,-2.0820987031889873,0.5531491563792091,-0.5482002981667726,1.9234457948249533,-0.7746149700185819
-1.6891830379672617,-0.47126374070251964,-1.9754877712171375,0.7510994545073101,-2.0650830462563206,0.02845758118315888,-2.077811819856197,-0.3202978045366419,1.643378155804534,0.36064789143579495
-0.863493604964934,-0.031203488939083975,0.018016872044446585,0.47263034584340563,-1.3668583632808264,0.5925672738473307,-2.704391631602775,-0.6298845523638104,-0.48827384245154465,0.6333268260712385
0.02263085267686914,-1.4055630538562867,-0.9849931258170151,0.1986800095474069,-0.07906734186455629,-0.5791241096357465,-0.48083378951197936,0.696167997159289,-0.5176925728692147,-0.08809124402907328
2.169936588080543,-1.423682636883923,-1.8518427315746586,0.7835896647986067,-0.6786430612941032,-0.31823752774262026,-0.7811563781311142,-0.2598001407675125,1.5985381120963413,0.8021284586181193
0.8622235118869771,-1.4162270557926455,-1.1511537365528692,-2.839078659485427,-0.809380821082754,0.9567031863856584,0.5169465157483709,-0.2215132629521239,-0.02230028371805305,-0.6888855425754056
0.20475888240178416,0.7658782794806148,-1.6158867874104728,0.29964768783734813,0.9324348709546673,-0.4151002889633696,0.7007006121205837,2.814654444472553,-0.10434279298689192,0.3933070500053236
-0.7380570836613916,0.1812511626020504,0.46027162498230384,0.19484234027013805,-1.0196953197088567,0.2063617713254507,1.4621959387176369,0.4486357645145273,0.961987189071841,-0.23701197001262772
0.7499002394237105,0.27926783821652595,-0.950910729687232,0.31852100479887446,-0.9916966634403105,-0.6328802748847919,0.18932830729237413,0.29724427338012405,-1.189232465077129,1.0539857711828762
0.5720062783004729,-0.7047284356108838,-1.5375847964491753,-0.1449045790814313,-0.44594371386116016,0.11314045705302281,-0.3631166611555665,-2.00745686074501,-0.3883469383011584,-0.30561911106831297
0.6336610247740587,-0.6981996746110497,1.6786746733725662,-1.911640550651757,1.3111674978026244,-0.2243189708781048,0.8595848723435562,0.0798014840587331,1.1395555360254692,-0.38736196455281124
-1.0986204251778122,1.4205042872710631,-0.11348064588214118,0.2215584736242106,1.2347519140447951,-1.031955242094435,0.5954908976392573,-0.5898947564628909,-0.13216935564437185,0.07227896538428889
-1.500221861446936,-0.7788370428204348,1.3510728924131392,0.8861911885847956,-0.06263957732723487,0.24312345851289308,-0.29424250563645765,1.356583385827982,-0.20035257779416388,0.23184209213484805
1.146030144142065,-0.7773714848459066,1.558789184496894,-1.5304614097433769,1.6296421311127987,-0.3726755839519746,-0.24269874782528175,-1.890010171182943,-0.4547947173776929,-1.0398065310268843
-0.6076463453734726,-0.1373109657888796,0.9577916144729056,0.20760335140062577,0.30767665340111383,-1.0955193888455623,-0.8807540896027302,1.798725018351312,-0.7352010347632466,1.6562082520572956
-0.2430611988808665,0.0022879361435040493,1.0703651602299298,1.2718924219386565,-0.1108125602790875,-0.3882430535215389,-0.05592044852221312,0.3379575282321183,0.8913036868697555,0.004229858994151577
0.6188862980231536,1.638359732270941,0.38130961226478466,0.3116528560047783,-1.5189108250900678,-2.6307301368290634,0.38837572923016833,-0.09482423128087224,-0.514782674914742,0.24353020418634463
-0.06040372919690829,1.1277802506338985,0.0861108682589779,-0.7469232850701676,0.990166238959289,-0.21713107494620248,0.5265366836723071,-0.47741070619280046,-0.6498268854974364,0.08416823018569615
0.01282864354368512,0.479827035366833,-0.26864575330974255,-1.8363597837703973,-0.43277388358838864,0.7938184671438157,-0.29737607924310644,-0.24638340251454802,0.9863765059059371,-0.7119732272589228
-1.5428032182428997,-0.16063111952549436,-0.484173951248737,-0.966246319753254,-0.17537845589869072,0.49150564724678364,-0.009288561567815747,0.30698107268623775,1.813407698515423,-0.3428788615575641
0.2783486346446696,-0.5092133625991345,-0.8463597198869729,-0.5849076534177698,-0.47875857152168855,0.35947579754712555,2.3490757867007575,-0.7160434362758403,-0.4166253056154625,-0.06312301311124825
0.3957988487097471,0.26355081195478497,1.2840957939481172,-2.4263920705352082,-2.3869298701956727,-0.4958781720101493,1.0973001875437087,-1.5656480316055963,-3.007632339693757,0.5711794062192087
0.24365722370271442,-1.0902084067994298,-0.9855396007209299,-0.9697437196346744,0.11053531747394013,-0.626315276183007,0.49406391897551966,-2.854626662904391,-0.8568518651277993,-1.1260539609110503
-0.2563406783724922,-0.5380477584901385,0.7978437798957666,-1.8593367716600575,0.045491476330752,0.5583364232117055,1.8566474365619547,-0.4817659710934752,0.32445860435251705,-1.803862792562365
-2.391956204313024,0.8447743757816999,-0.005560293648070566,1.1785126897984228,-1.3734028889697492,0.5199021395287525,1.8688178405438531,0.4197056083572659,0.27658150559104877,0.008556080824349832
-1.5708814571259122,1.355572935710348,-0.6108576398050658,0.5044832563830169,-1.5630343065712535,-1.1794596645077804,1.4350873992222355,-0.34730228895784293,1.4532754760425446,-0.07823065905851781
-1.8418977729578574,0.8920675997317206,-0.5898923177556078,0.6986888135170435,0.025210867540082116,-1.5431182279428703,0.16429476537056906,2.196223142152799,0.4929864585144592,-0.05751775300546313
1.0753434019568977,0.2106684652031108,0.20953423026279433,-1.0916251721591026,0.23384802578959837,1.0354434164169448,-0.8360621521000247,1.4244958212469476,-0.09170602414512598,-0.8877695115385407
0.9976320769202445,-0.2867942357382693,0.7595148874861078,-0.29175863225853715,-0.059826143529903696,0.4935602043342916,0.2908970575900059,-1.9955317804517385,-1.1212437400943918,0.9294099847908155
-0.13213658890154725,-0.5237313027714218,-1.3585740152574743,-1.0797363212758484,-2.0217986399619474,-0.10128071870153288,-0.5984375805810469,-0.9665878909853152,-0.0681234251679531,0.3639706308527381
2.0931979322099448,-1.5118834195632136,1.159381043300522,0.973101561015072,-0.7790927393767005,0.20323595458603103,-0.45763324933761523,0.18568858041873892,1.5091310134045506,0.605606232631313
0.508608373233442,-0.4303093199546424,-1.4840566649243352,-0.2084682105404079,1.2066081548639151,-1.5271678565896476,-1.055089368176695,0.12626773623406817,-0.9846547848472624,-0.7925234471152126
-0.4235985817281771,-1.3656174041901494,-0.9741218462163683,0.7034279167873088,-1.307369782230964,-1.5978721344948377,-0.6300249795338944,0.7319555025098458,-0.19692180799688955,-0.46458107811561833
0.04435879751560705,-1.745707432859652,0.49470565377503245,0.38343503140364416,-0.40930847409572124,1.0059245117964166,-1.1274960989530387,1.127908993253569,0.15449366559525113,-0.3365525898781734
-0.01987363536831157,-0.10726476581094174,1.220282896417717,-1.0766791274710135,-0.7625192391465982,1.0363028920724797,-0.5955349351838592,0.9005330773315916,1.6994359830087096,-0.40179502694163366
0.6813623265753054,-1.1536922813398585,0.7547332980678092,0.1994239859867671,0.4730382821602152,-0.645572072035395,-1.6610834155671725,0.5032520647495048,-2.0634031524794545,-0.3173504922425348
0.9411818664199697,0.19189773587303607,1.9483426447898131,1.0251091525817735,-0.6538983883255765,0.02731337985143867,-0.04737070254443595,-1.5821767633461272,-0.9403989164843533,-0.5607609069798603
-2.0362205028559366,0.047493468251642953,-0.24907184465304072,-1.6728939013115742,0.4042128652773321,0.7158727446909595,0.2270344788648889,-0.3240681752089702,0.5914421517518549,0.6802203604766911
0.3074035697196884,-0.8246122504347609,0.2766007655111807,1.195480650825479,-0.5966290586117302,2.0979393391324312,-0.5256309339853844,0.032407013340136216,-0.6724855960063362,0.22327083592026087
-1.7422216926352752,-0.5460417988167212,-1.0921212003485672,0.1353383478922909,0.9944473755089074,0.6460061871145515,-2.3716593608588923,2.0420696529278803,0.2952799406208684,-0.7764991404930003
0.15712791899094083,0.17618982250269238,-0.6668487169515637,0.1979166673420755,-0.6074722876203072,-0.40436199269002276,-0.6862791357550845,-1.4326712897396527,0.1458364702153839,0.5852994365163381
0.5148835960763722,0.8199252526352343,0.3243402100148682,-0.5327254982169035,0.8396638644311888,-1.357517539841935,-0.9006713825124801,-0.9642000714232447,1.0800560591393102,0.9427885141400756
0.48730523704499484,1.0719298652117972,-0.8792827824119881,0.3485951198609804,-0.12517442838316423,0.8468821038849139,-0.11522423255219759,-0.3849428884100812,0.54090851856099,0.8761691671912328
-0.6683451948468017,-0.0610756713523761,-1.0584406336416528,-2.4980610174929394,0.200459631413729,0.6089053562546319,0.2620668090867255,-1.9495617177543672,-0.35084943007647457,-2.2183477600510813
1.3697011076541847,-1.086054582118086,1.2554036094598964,0.9458696436841456,-0.9005903525360617,-1.132784951267745,0.35037021638633825,-0.844324037183071,0.10248464215820753,-0.48282759080691834
-1.7811584144656334,-2.230468019124459,0.22668424849459717,-0.5615577463306254,-0.5530898169141323,0.6958638390937854,1.1734422766324448,-0.2725447213618092,-0.3405987069098615,0.5001430331138838
-1.3569355696995753,0.223153054747697,0.551885971822154,0.6802302084176292,-1.936752702502465,-0.7613552698089406,-0.8782632528234666,0.09988695440921298,0.48074457976798396,1.4967104074459814
-0.4949654803680731,-0.49757249830921385,1.149672018878747,0.2965769385303051,1.2676515111879738,0.2887280030098363,-1.1571166187132709,-1.3331283547778066,-1.551512249058929,0.6620518347584732
1.188596823087008,1.849362141386381,0.8431053323232401,1.1628385775349859,-0.5800163326536847,-1.1564158167438567,0.8500793324175533,0.41768075223940065,0.10744437434089255,0.3873714806329899
0.3231854824582059,1.2838168598535613,1.2949855848169558,0.544220352340347,0.8458028725629282,0.5140625524247758,-0.4611697320346189,0.7565646749131401,-1.3944950688592617,1.0538915522958832
-1.194522939766035,0.28580328679473294,-0.8451539584261589,0.5533889830744267,-0.03392522592790888,-1.5947559581633324,0.42069963101847885,-0.5779207768327106,0.8811467208133691,0.0013256887344072295
0.39542098538803816,-0.9575689550152119,-0.5893322314273619,-0.4586386361010845,0.8567024802425557,1.6773770878054892,-0.8051717517428763,1.0768481446576803,-2.169677417725702,-1.1941894010922893
-0.9587784561867748,-1.3525086894407223,-1.58358838978758,0.41299891213779755,-0.21406769772786138,0.3794053976051097,0.690472686121513,0.26561699317253346,0.6577631761503737,-0.06953228624226938
-1.1869933883057446,1.0578141808207961,-0.589112132781127,-0.9355962987624259,-0.17791787580439816,-0.912810919296513,-0.4174303819894322,0.3440539215634665,0.3483417392461269,-0.8978300664256293
-0.4877053729487446,1.0743330047702437,0.4964001177339411,2.0750650393485417,1.1801281737415277,1.144293068559939,-1.387868550455802,0.7638603516334226,-0.05310680169691065,-0.5509818035382495
0.1680153405325285,0.9452115346114836,0.5008315910042116,-0.87847380134206,0.7424589135926203,-0.6375875420759639,0.21668311896428621,-0.3033500674771342,-0.2188662517356257,0.7662429750405095
-1.040193719815898,1.945195074276933,-1.8210860692944963,-0.5976676832548571,0.370211889941741,0.5843141664353099,-0.10047572057170515,-0.057390703001542406,0.41055008532761655,-0.2310694774576803
1.3931812579349059,0.8393491142316022,0.8728243510056346,-0.966156723370417,-0.07938842440570287,-0.3004659487207037,-1.0056013756894657,0.36016418394576694,-0.5376457577798165,0.655403829850237
-1.0701915628943317,1.719040612841821,-0.8963326585920618,0.21930233720043607,0.7918593103880676,-0.5706404302001128,0.8524686434329506,-1.2291835978004162,1.4521176991825604,0.014149264965758293
-0.5964114079688796,-0.2991817724274345,0.8089192693927194,-0.5844552918504382,-0.7493576894227776,-0.22153659758373817,-1.176962112769968,1.8205439079418155,-0.5663945912147232,0.8316167861804036
0.2094700836477726,-0.9845340504819681,-0.0059547092127293835,0.784002779310748,-0.18826133508630655,1.193112945851028,1.0215153927818639,0.9189148546583293,-0.45965677227299695,-1.079842447781487
-0.6135876053627944,0.19624094066672046,0.5457867135323555,-2.1715714047604475,-0.00811320161175029,0.15808922532318442,-0.2775442563155516,1.2912738390158789,0.4217800742508709,1.310191908080897
-0.21596052035023222,0.9374774925069249,1.6350663945275195,1.311693449272661,-1.092141593428733,-0.253676077542381,-0.34516470544979644,0.4892545350763276,0.6863535550145331,-0.8388926740257363
0.06783851391693768,-2.0199273321561364,1.44194500580189,-0.5123742406766936,0.05586393984449697,-0.30964971398806124,1.146027575013415,-2.837506441397379,-0.016610342325908987,-0.10581875749769788
-0.4536363875916828,1.7262265456356325,-0.8873294588557712,0.7717961772356612,0.35625278870608357,1.261519252535516,-0.6671890847775054,-0.732968899123759,1.0960699074773985,0.4253213083301104
-1.5449373466767586,-0.5393050144632704,0.386382653848061,0.8377642215465891,-0.6792306531929551,-2.914255989816941,0.5232231857370332,-1.2203206899439758,-2.0173387981224113,-2.832325924984141
0.8139808601977412,0.12861745040496653,-0.22565638071225164,1.3890243629627617,0.6373246830230725,1.6163000427219165,-1.3927354721669964,-0.034550623953963515,-1.6167133749480143,-0.22938233185546722
-0.24861585376667736,0.6266136372630708,0.04556388114189831,0.6234071382799156,0.7034401331388942,2.154928677383142,-0.3152966552861244,-0.941022700666379,0.24608361531640882,-0.8022800271395435
1.481960768436536,-0.28321803894523256,-0.5655763678739903,-0.4713157211511179,0.718417423471641,-0.15774698323148525,-0.6416668201303823,1.665351917623531,-0.8561698406617501,0.03556607403299353
0.6523061516102304,-1.6313351104170732,0.4802605014059249,-1.0551076754804494,0.8227827808340025,-0.9626510119189763,0.6927690318488605,1.1058330662947127,0.8614365256328049,0.2513166482381024
-0.23130094292969944,-0.5764195763348439,1.471034690817104,-0.6994952201676432,-1.0370660735699961,0.66536893503283,-0.7961368031864954,-0.9500634974661272,-1.443604262169765,-0.4829098394605177
-0.0827150238964932,0.24309172766069878,0.9513062442994834,0.5268979236657937,-0.1908722195531798,-0.19819567637971988,0.5101574689151834,1.2725701629285695,0.1263141994832002,-0.46913085421040895
-0.9928660010855455,-1.4452052644122255,0.6662696720435232,0.5779785236395572,0.5773635251066616,-0.1286594463520559,1.4069347458917507,-0.4841184945848177,0.9552692372072055,-0.038742894989543024
-0.6083507646793376,0.5925303073177614,0.4096361186839937,0.3569727592669261,0.08127842205619876,-0.037893081716830875,2.3883719928704386,1.184256645196173,0.7228268949855121,0.11179915820338826
1.0071572005966691,0.5179947763914519,0.02620475277403566,-0.30356432526591504,-0.0809173376626882,-3.1704257358780557,0.21060083929764178,-0.4884760801103597,1.592669998282884,0.01934407081175429
-1.1889634195349619,-0.0498801541281177,-1.0461210850625042,0.4734074157124664,0.29094736433948537,0.9578396311082676,-0.7908817916945654,0.0340080962281468,-1.3650217954266353,0.7014947819247145
0.518871180440122,0.49580502102757085,0.00161903135694112,0.4147728907887909,1.6043391083085963,-0.28509425704201397,0.1386451837100845,-1.0861262991814098,-0.8682609615983323,0.09781329309330739
1.1039335467019071,-0.25628082425157245,-0.23591652931212392,-0.4068852445043747,-0.5347566708443231,0.29497145570882155,-1.4972576451786446,1.2809395766667275,-0.6654222981294605,0.7219034854381414
-1.2699985973938759,0.6688401305462182,0.6719446078144975,0.3842020720058965,-0.9944285217997922,0.249548189598077,-1.183056184734389,-0.25276325509618536,1.029413100955326,0.796701927070742
0.015182942540433121,-0.9748065759228419,0.6455877121741934,0.019381237698025213,-2.3203155982304233,0.7826298263165181,-0.024232833869692147,1.2024512479830722,-1.0952705188428047,-3.1767038131960006
0.2790838583451852,0.29156367668197275,-1.690671627606452,-0.9784995458666064,2.7552177437199017,-0.30561061415380336,0.7309589763762161,-0.6506598273683837,-2.0903028988531567,-0.1702582467959055
-0.2656045602861052,-0.39987823866837147,-0.11464083550639245,0.26426827164563654,-0.15011695125380659,-1.2640061679473638,0.4861847915619389,-1.9493717553224232,-2.0503574572842003,0.7391804947015679
0.5070202721353568,-0.05739536507403601,-1.395448504755072,-0.7079109406740753,-0.262746747686504,-1.5958939685741134,-0.7390286580232329,0.6523303381766798,1.4273053642892164,-0.4194347526585506
0.7564883543160984,-1.9140600705874673,0.6594512411136115,-0.803948414727481,0.30734561670797006,-0.24775241823970925,1.3204140097838342,-0.8744356483399182,0.6276062975618311,-0.2795074632965335
-0.15830547800966377,-0.18385389315920966,-0.8456731044941129,-0.014098965906671578,-0.0626482221218215,0.2412402484067293,0.08450514569286258,0.7979945496122363,0.9235086160473687,-1.0506233218278012
0.868772500590771,-1.1863364271098544,0.587855888137735,0.6197387847028687,-1.911316891662504,0.09297924652940966,-0.4684961133603157,-0.758765257935375,1.3508523306990055,-0.6536791406374189
-0.8063769291180498,0.07569494000509344,0.6855897462984164,-0.1416485860101269,1.1663705456692521,0.5309756619640905,-2.1782113197314303,-0.5294669635070083,-0.561842099351699,0.4793609534294223
-2.624817056374112,2.549009708717722,0.53102609489421,0.1488768039176911,1.1815677164191463,2.343654052812625,0.8707466445884032,0.94881309647162,0.13069002446438233,-0.14152575336694828
-0.47579544400490115,-0.8261119917145421,-0.6870140996994973,-1.3505559643429832,-0.07587145068502332,-1.6846675772263868,0.1909165241437107,-0.03633060804234174,0.14693529838668778,-0.5221315700199924
3.0768603701805035,1.360115900180313,-1.2445425000847228,0.23286808742689824,-0.6080061429373236,-1.014479726707414,-1.340072071123935,0.43221669075925395,-0.6813802350695739,0.9678260240252041
0.993782214530439,1.3739143852114495,-0.8523867660741036,0.4753656106920102,0.6324542166423008,-0.47417817510396487,-0.7717719573928751,1.6095206657759729,0.22749587573205374,0.635967750711738
-0.8220760118279274,-1.2192844665221938,-0.5694497744921104,-0.12402138738999703,-1.0642200068173489,-0.009844808650383004,-1.6885051880685,-1.1200474224698722,0.6709112482768751,0.6037905202778941
-0.3918767653868664,-1.017764309076953,-1.027403551526011,-0.3732682459413141,0.6445184916452914,0.9282456913443246,-0.49653173548196905,-1.1534924259847839,0.2678436378663333,-0.8235349706258495
-0.5182526388612024,1.3252760904370375,0.827115428565768,0.1579743122514517,-1.2719190011127228,0.2113965674706589,1.0626572907875265,-0.3756336657655356,1.3511140899867151,1.292745289518207
1.6637328321434735,0.30524312653135294,0.5873916998060122,1.41418728833109,0.4473939370689756,-0.5012341077902127,-0.44854283652786137,0.23855495377373917,-1.2905614219462187,-0.14325891536419263
1.0965471182302537,-2.191253851165281,1.534482101794515,1.1223742187031596,-0.4597646158304763,0.5433908278718096,0.003147726906326633,1.229990368438683,0.9826831427699412,-1.4000707231830092
0.5872624134641767,-0.20562785364324765,0.0828325705180999,-0.7281719009698155,1.7481370691208353,1.040061819902576,-0.7397711639729673,-1.3346106069102326,-0.3856726309778482,0.43450264609130573
0.240205843946223,1.2531328247682434,0.7899197221808523,0.9695690257529068,0.32685540061043733,-1.3892987302109903,-0.19569853114690144,1.0600897399086655,-0.05152292852464606,0.5030903686237468
-0.3187483152461331,-1.029811848541845,-0.12334406404611045,0.3090474430326539,-0.6556877194614437,-0.2357112448566685,-0.9394632419859826,1.119244917564096,-0.294455757588034,1.452755545126183
1.5287478505409084,-0.08104596472174376,-1.0084487325473497,-2.0858978777333372,-1.4720370730267915,-1.37383482489866,1.3784696274615047,0.1158245872269461,0.3896045240919878,-2.220421008935126
