,Stock_1,Stock_2,Stock_3
0,-0.00031622255808612626,-0.0052340483295822545,-0.006616691341294101
1,-0.013787277055298471,-0.01058882465485406,-0.01293035840208742
2,-0.015604730275162114,-0.01537613647446898,-0.007701789182939891
3,-0.007118876191293439,-0.0007684497483300416,-0.0054026266764546655
4,-0.011934431423785582,0.012570196423474187,-0.006562606023103795
5,0.006405366271895561,0.008748060142577634,-0.0013802510607666056
6,0.015875912643374308,0.010244540480936225,-0.0038784965324166905
7,-0.006382331714360033,0.0056187084947669046,0.006293990541646142
8,-0.0022003981846936533,0.007212885643161472,0.008322111540260132
9,-0.0047516561240464284,0.0007776793000087905,-0.00522870759917926
10,0.004834987652711485,-0.0043095138747968175,0.014213267970292563
11,0.0015876294715316628,0.008047721060253947,0.016273170181285837
12,-0.009373649840670704,0.011927129371709387,-0.007669571867088371
13,-0.0006179700272875297,-0.005794395776398477,0.0015902700235556281
14,-0.007591986419812531,0.006717908095255146,0.003706871139362257
15,0.011980801368287325,0.005129048194978852,0.000522660485380978
16,-0.0009345319160675459,0.005074019356194213,-0.012556382197433128
17,0.006675698353549606,0.004763036304791606,-0.002006183698267982
18,-0.013263300479973034,-0.010651864131435408,-0.001339062940273423
19,0.008157020894137775,-0.0019477648891408708,0.0013648694248947697
20,-0.0024749866818695003,0.008034450127293757,0.0061778603606555856
21,0.017597241642260755,0.0017892293465731131,0.009914487570515095
22,0.002675866744724503,-0.0054736575908843855,0.004561671388035858
23,0.014147238995966326,-0.0009795264166649676,0.0026344296384191728
24,-0.0148325870261296,3.185281061664153e-05,0.015678289368756704
25,-0.008437125589594509,-0.006282881316568186,-0.0054124106341864745
26,-0.0020174998388089154,0.00982275908784126,-0.01005293005816767
27,-0.005908046436789054,-0.008809164909997788,0.005969775537417373
28,0.011886399215362723,0.006467569547204717,0.001449999111359352
29,0.0002791093366093623,-0.0015171160046694105,-0.006814718042339799
30,-0.004845940298630167,-0.0036092071102621277,0.006077242795066765
31,-0.00577425726870603,0.008860694735961558,0.00493961320463998
32,-0.002388289381975829,-0.0037378495764104915,-0.0011272968546115977
33,-0.0005132009800149327,0.010206548085216195,-0.003947159335287949
34,0.0018670688193159507,0.007275230401126208,-0.0007475422910899821
35,-0.0022911359587699034,-0.013233953673317532,0.005627905338787774
36,-0.013180920911079442,0.003808354832744499,0.003063895675082826
37,0.014438019853740318,-0.007195433646803851,-0.006593131547393586
38,0.0013702122046437468,0.00016308823672624295,0.003178561660062368
39,0.013883503607559529,0.001657458452470218,0.013085686597620425
40,0.0016402879287138298,-0.005961329892861965,-0.015055204440809355
41,0.024092667449491175,0.002188479802350008,0.008057050740352713
42,0.008663032652123846,0.010631515163260758,0.004968537867233038
43,0.004506710021269284,0.011666254397189428,-0.0038403799134719007
44,0.003365375210298384,0.008959860494137757,0.013695784800489573
45,-0.014514584454360357,-0.007809183446524689,-0.015641716369887062
46,-0.0053290997203462405,-0.0011446389552796986,-0.01345328211961925
47,-0.009606791817309078,-0.0031683517633801206,-0.0192431841089924
48,-0.009263472388455412,-0.0024602793588455706,0.005357949358927533
49,0.012496124908830895,0.007314454365200817,0.012533870021369794
50,-0.0059713901191319075,-0.001814444325732657,0.0016500377692371005
51,-0.006020653331332972,-0.0012995509454236643,0.001631173787563148
52,-0.022111979039282845,-0.014164152721894413,-0.00942582351277654
53,-0.0008165026879956743,-0.002759446954544789,-0.012506263656818005
54,-0.0038978386138745513,-0.008137509035367039,-0.016344332218884143
55,0.007580797236164216,-0.012956212650791981,-0.004735611050847079
56,-0.003132028376757125,0.00834007337591561,0.0008027117323407121
57,0.008630704928549157,0.006061750708195256,0.0052907336140542134
58,-0.0021841044585143602,-0.00643262039032974,0.0018392121000304984
59,0.0038368479631095027,-0.01839722387927827,-0.021043792211657825
60,-0.0112913532227698,0.0022686356397426206,-0.006302939924420207
61,0.00018291300027592462,-0.00488319873507875,-0.007117826588337259
62,-0.008752934835055359,-0.0010553415556478307,-0.0017836306822165593
63,0.017313096540201908,0.0121290401839921,0.007663890663321891
64,-0.0007482075592163832,0.003980695521963228,-0.008476692265156653
65,-0.002258570918217711,0.0008294177933051384,-0.008009156568706193
66,0.0015904140921838348,0.004206736149191045,-0.007222966829115187
67,0.0015053424999809395,-0.013036107192119417,-0.002205594760366646
68,0.014222180787508965,0.014450969734608526,0.005072719335457297
69,0.01804871090996333,-0.017892160970239684,-0.012741684107179203
70,0.0008466302489512402,-0.013093095576354428,-0.0017374391745484368
71,-0.0009366764577898862,-0.005933196490964586,-0.009085888937368041
72,0.0035078437033069874,0.008895308361916505,0.006527122294516416
73,-0.011449160164665968,-0.006851462074164548,0.01629512359257054
74,-0.008327990888202923,0.00382263831403571,-0.012304520397860808
75,-0.015113606768782588,-0.0061014632994319295,-0.005458663108477302
76,0.001623656615066749,0.004550828441828509,0.011346805931175269
77,-0.005529393344003926,-0.00011422800210891239,0.0003414903969292253
78,-0.029197396361884797,-0.014828742210162693,-0.00848955198698258
79,0.0033991330480235074,-0.0006742238577967079,-0.007292088505480588
80,0.009386450147013201,0.0055868142324971455,0.004439449817828157
81,-0.009000105345173577,-0.0001017576315391868,-0.01210472170209695
82,0.014070767035588332,0.0020481309854330303,-0.004485161340304088
83,0.0019926165987310842,0.0003481187372414738,-0.01226072080610898
84,-0.026099419378975825,-0.018103615799098836,-0.007778963193587364
85,-0.00013197691608280324,-0.0003379353149316898,0.01233117617693454
86,-0.00897540602916367,-0.004821122937025261,0.0029252175972681073
87,-0.005428282307759129,0.019649511599769406,-0.012763161800921324
88,0.011486941378168695,0.003588760701696178,-0.008889071117952318
89,0.01243188652838255,0.013499862349515493,0.009099417482545655
90,-0.005052418072866599,-0.007946400898243623,-0.022305022410038018
91,0.0025844030592444313,0.003490012835593775,-0.006325073674885735
92,-0.0012223130827726766,0.0011742675146365277,-0.004827901256951419
93,0.0069688855759602614,0.0006670790021025008,0.0018022524546149816
94,-0.0006346991462830577,-0.01291823254787259,-0.02529638753614108
95,0.019335381115136097,0.014999330127322635,0.013481479176966803
96,-0.0034958833654227346,0.0014200057927020867,-0.004806989405503852
97,0.008930515769622694,0.0045195695630563665,-0.0013740780063857493
98,0.002278823066156296,-0.0020473924112055513,-0.008976488363812093
99,0.0011260737325767011,-0.008390982582230349,-0.00026236139384074644
100,0.01108321756105616,0.0074123703008169926,0.001810559898847297
101,-0.004306262384897328,-0.005217839360126185,-0.005426855299767665
102,-0.007273421986911672,-0.009053567347104437,-0.014969281235462737
103,0.007994687206751165,-0.00043259344622474075,-0.0026094054784969434
104,0.0007976891394133077,-0.014575637151568439,-0.0064405407915620536
105,-0.0019628216031931916,-0.002685597528070652,0.004133932184878988
106,-0.002086800719597716,-0.0022760951452420945,-0.0035775256889189404
107,0.007220966804815929,-0.006808535132005933,-0.01499074196434066
108,0.014900453769150671,0.010941862464588883,-0.0012000236632884386
109,-0.002836144339509451,-0.011398375158537597,-0.005157176988016045
110,0.0005376523023585286,0.0043674374286034575,-0.004605106286254859
111,0.00467996603388225,0.0010779216487422144,0.010829118982919727
112,0.00912421725029403,0.007155055164315571,0.003941196747785636
113,0.006009720471023814,0.0080104292915621,-0.00021177466410221446
114,-0.0047196846029922464,0.0018943426620738595,-0.0031750890916374393
115,-0.01002067569467954,0.009408739847971343,-0.005072103567001899
116,0.007661098169309957,0.006035795427502708,0.0039013239103842354
117,-0.01296963860117951,-0.01587282841726695,-0.007296232185246752
118,4.838104686005751e-05,0.005221356330780359,-0.0048039373155977306
119,-0.00241913216208378,0.0031313051553546007,0.006358490758735496
120,-0.0048683735418332,-0.011590177592016035,0.003737211538009744
121,-0.005596409950600507,-0.005572458697440927,0.0013289812196701982
122,-0.0012657742341925346,-0.0021746360649599157,-0.002048712057141967
123,0.009186792930482027,0.004751450346589306,0.004996552089178733
124,0.0005828667725890105,-0.022860594429717183,-0.013267886168865114
125,0.007323892178481188,0.0013745006493757503,0.010097707016582533
126,-0.022727802395052142,-0.011414106493864198,-0.019497089347415713
127,0.0018585724234308368,0.017031223094407646,-0.004207734148690423
128,0.008171421272412651,0.004459758770850021,0.005963696635612099
129,-0.018649625563492405,-0.01840561254102515,-0.008901374159164649
130,-0.00028684490055210134,0.008687114203912135,0.01360630591897719
131,-0.017662585094700617,-0.019496605362709012,-0.007702204155496144
132,0.01332638875182394,0.007548971038339936,0.021087694779994066
133,-0.013567221173907976,-0.000404342917217662,-0.016348619505161335
134,-0.0026412688400280545,0.0010215095078206927,0.0014913154454681131
135,-0.005907576741969221,0.0006635679150056097,-0.010012636378820335
136,0.00312630069430657,-0.005608659097346624,-0.00046427075675913347
137,0.016559334798134755,0.013164899795906123,-0.0021762419114500996
138,0.006242247560462367,-0.003448689916084093,-0.010933555281649628
139,-0.0005546612998278301,-0.00703587442140798,0.004757097419230286
140,-0.018263331529630073,-0.024883942969701717,-0.00733053454526967
141,-3.104561420211829e-05,-0.015110622334568634,-0.008656862838717158
142,0.013989383688201056,0.0013929014522163468,0.008253416052200742
143,0.0025865353063711616,0.026163096571249156,0.014330511444591403
144,0.010873560076491179,-0.005724944929187249,0.0014504776287723757
145,-0.008573000832866998,-0.004764049334583018,0.011522106121129902
146,0.016125462280773564,0.013077096420283514,0.012521619431317325
147,-0.0002475832876977818,0.010861429394545078,-0.00981299160585369
148,0.01276750483155171,0.00624430814637462,0.012941033634675006
149,0.0015587142002748916,0.01330110696683653,0.008162437793469594
150,-0.005179319295798707,-0.0014183929253191218,0.008133030279693261
151,-0.008693175996886593,0.00082459224207269,-0.004477983941651719
152,-0.0023225965252048467,0.007648358719074697,-0.0027040645051190446
153,0.009984226248911642,-0.00014479073402219822,0.019502460595141696
154,0.005064708551373159,0.004967598443600245,0.007107397550942465
155,0.00617768202816874,-0.0034533606766838144,0.002688306323750439
156,0.002743512018106653,0.00800462079220353,0.0022464383857567303
157,0.02668675986829242,0.02242523678542316,0.007273326163437636
158,-0.01010235195986897,-0.01385030152943808,-0.016340661925001866
159,0.00392252189496681,-0.021167685294729944,0.009621122789822436
160,-0.008230379393548379,0.010459556041044649,0.0009041516350403895
161,-0.009872659251208726,0.0062261729065952055,-0.0013373345462478292
162,0.01501996226474772,0.005816627125267137,-0.004998852910876813
163,0.00134590299814588,-0.011430925999877517,-0.011510652413043691
164,0.008162051373543923,-0.000722169060127313,-0.00933501107340995
165,-0.005499102951249038,0.0013355091258147726,-0.009036952417449793
166,0.01249668166471342,0.011389747473763394,-0.0024382498358799676
167,-0.01234001718161587,-0.010222635917751856,-0.02420831165594327
168,0.0018922864146839321,0.009458195207891564,0.004586941370244602
169,0.0022569623600362035,0.009210593321208025,0.009695809600656295
170,-0.0035878379271846103,-0.0012672965922290718,-0.001769677686720441
171,0.011771479546051924,0.008113456285283866,0.0023457429796005388
172,-0.003516476377444493,0.0005110568473664155,-0.009264495600619097
173,-0.0029979586384870256,0.0006434304670575951,-0.016050622344156124
174,0.0010036215412949246,0.004760646390698163,0.010466633076629756
175,0.01501441921069149,0.022735703546623545,0.006460279167791914
176,0.0015662899333199658,0.0005575001391782801,-0.008485666111865806
177,0.0065744492105957566,0.017392556137720123,0.01673175815124696
178,0.00035462065284657605,0.007569025617180135,0.008043012330344275
179,-0.00019080389122043222,-0.00022623779485518748,0.00983669029728922
180,-0.0037645716747228115,-0.0027042761724923783,-0.01400134471906856
181,-0.01637123540201689,0.0028883024525467836,-0.02182814254872611
182,-0.002568962488920567,-0.004767953107198765,-0.006798406967628691
183,0.004032715461241477,0.004947970930281688,0.005813868805010686
184,-0.007585750727857111,-0.011781579761786964,-0.009237371328774831
185,0.0008655854842404449,0.007049680397270437,0.0021736181565455005
186,-0.0015476723395796655,-0.0019522738099812913,-0.006162118618183921
187,-0.01882787430207928,-0.02036005120834891,-0.011648804174031987
188,-0.021574988094365595,-0.0018839349938541165,-0.0059646887240696325
189,0.00620152621509072,0.018599681889745496,-0.00010823732051306513
190,0.001737130636136974,-0.00947633003396239,0.007288043088790439
191,-0.010977047332184948,0.0040249182499534405,0.012318974061788331
192,-0.01046040648133511,-0.001509799945453898,0.006198851993415771
193,-0.011736378545825458,-0.009832361750070146,-0.006447397675126003
194,-0.004116636988343162,-0.017045109247083114,0.0056618193309608475
195,-0.006933291355098853,0.002723381274799147,-0.001870227720603295
196,-0.006366475689067031,-0.0027058383543752695,-0.011266676613463943
197,0.005826455784441818,0.000541958061122908,0.005331756318586827
198,-0.010029601836016786,-0.005142334343655643,-0.010242498332203113
199,0.010169917686971942,0.009123865868980145,0.0046809332682190286
200,-0.001160114052302435,-0.0040802956123427376,-0.013301948854118992
201,-0.00023305109096063444,-0.01855375412099457,-0.014419405088757562
202,-0.00395148379091053,0.01767595894341541,0.005229411910301238
203,-0.012536068899602595,-0.015326519810678368,-0.008782863247137791
204,0.011834621376456697,-0.003718766844093944,-0.01497365731707771
205,0.0031351290241054303,-0.00369716828407037,-0.0026032203380214405
206,-0.008491230327465722,-0.0027649408542782757,-0.0005261006114869618
207,0.003918263242035428,-0.017143538627650168,0.0016767063371001707
208,-0.01872180042798488,-0.007595492905314314,-0.012707649669626167
209,0.007344363579209994,-0.002410237498246592,-0.0018529883753596454
210,0.012906656807245929,0.006627293751622864,0.021922796946229003
211,-0.006068850108971125,0.013323150941908968,0.00320210718930729
212,-0.014168752400347722,-0.0033639531456459027,-0.002630773473761865
213,0.02021037416331131,0.007435147256125294,0.004077300263224011
214,0.0007007562662528778,0.010344668394865962,-0.004686761136315103
215,0.0019133070643770342,0.015867947616079996,-0.01110091881333572
216,0.012560525534700306,-0.0069329357764142,2.912787171998595e-05
217,-0.01558689526095785,-0.004659656339024222,-0.007348543244572526
218,-0.020930974004147958,-0.02134769738075381,-0.02075551304060893
219,-0.0006364847154471224,-0.0003767106790171953,0.0016041369286613543
220,0.004494829578498032,0.007512775925340703,0.0020441865129367806
221,0.005051519882299808,0.007694035986568186,0.0005655781597965408
222,-0.013223501062506828,0.0022146059819188736,0.01725453586774576
223,-0.020882840214698616,-0.009157180044946976,0.0033036718800293153
224,-0.005328240069399275,0.008718373098072892,0.005003964438114975
225,0.016467584782101325,0.006845356826375667,-0.004260401628282621
226,-0.003473206484108557,-0.016080845365709275,-0.003365294415767685
227,0.01204407445548754,0.010428567766994011,0.005183365104196274
228,0.008591112440972631,0.007107399289906245,0.014237383591630126
229,0.005625354503023552,-0.0017768784751569994,0.005332721206877917
230,-0.0032942456297896413,0.0002713884014016192,0.0118646864350441
231,-0.006816260372062574,-0.007101015860935159,-0.0011700032812513206
232,0.002672007506892766,0.0009252666646554029,-0.011585869099197628
233,0.007566177211312614,0.0010951059301178782,-0.004132124275072517
234,-0.003236260572362716,0.017286849994891842,0.0032022370312562443
235,0.005183258400591701,-0.003611558237042818,-0.016415851762005648
236,0.018217192347630883,0.00790744563378353,0.024872009316683916
237,0.0030940726823752546,0.0023620479704529627,-0.0030871428976365347
238,0.0009667796955804768,-0.005538970170061029,0.005494048650104186
239,-0.001555984455255671,0.0007552401735815491,-0.00288088194855701
240,-0.010296943082741351,0.009929527126095716,-0.007172156800470542
241,-0.007130954202655153,-0.006391938961750493,-0.004683284580471075
242,-0.0032668164004526034,-0.00033026897639621533,0.0031455480772204954
243,0.0007061936068704004,0.008199924129239604,0.01015837668021642
244,0.0026084630505279305,0.002208631807997412,-0.014817204234380993
245,0.0018148267556586015,-0.007975675477578189,-0.005415378134439432
246,-0.024226834225297682,-0.01335624605533478,-0.0032125454051534744
247,0.010598338932362356,0.01349647669790078,0.007248290920943991
248,-0.0031483697855291793,-0.0011370983459596021,-0.008394536477494259
249,-0.001953685813662481,0.013285945645155695,0.007170767615236211
250,0.0019039610354694004,0.017113694343072354,0.003596848286909016
251,0.006595115692909635,-0.011454987269087811,-0.02094897615740724
252,-0.00898365474828322,-0.0024742389350280937,-0.0006258776980793546
253,-0.005013582227980736,-0.0031920290867310055,-0.008948407349108744
254,-0.014267670080789148,-0.02374036954671828,-0.02470096854396478
255,0.015965133705695904,0.0008044928032008815,0.0004546078982312658
256,0.009205372294927254,-0.005986182051877848,0.012138303528091442
257,0.010207567726966718,-0.0013770395677142977,0.004947037822840913
258,-0.009275185523374115,0.004873130739082248,-0.010829116459822319
259,0.005604433222430732,0.0006014223289403591,-0.0001429119620601034
260,0.0007441507193417376,0.004128262538538092,-0.009225181048562922
261,0.0012544786944647121,-0.01090430918769929,-0.00530640470838889
262,-0.007214047803475942,-0.008902295313640157,-0.004310494521355788
263,0.014760774653613237,0.010814055426585418,0.015110237617911275
264,-0.008458914766362659,0.007287052381947626,-0.00548043337625547
265,-0.00466431092859592,-0.010368504325527685,-0.010764055864094233
266,0.005185965506685621,-0.0030885913101407385,-0.002791029915183286
267,0.00154453993821695,0.005067357489115559,0.006028565258525392
268,0.0048301367697331215,0.004452262494343855,0.001360541259657462
269,-0.0012560515404334502,0.00021269433303048,0.012770255588765688
270,0.009879931295731554,-0.00045260947854351534,-0.004849920061285264
271,-0.010181749842570509,-0.0024756423208586328,0.007842803073827717
272,-0.0017053894565992756,-0.006866143685088898,0.002030164271145473
273,-0.0005627395931359541,-0.010181604202226916,-0.015354488703230638
274,-0.021342534584916747,-0.01567017677288757,-0.019298562377284164
275,-0.014885568337654679,-0.01825532840492673,-0.002459606947619603
276,-0.004331377649480988,0.008720828361688096,0.005902982273083023
277,0.0030678804247094016,0.01473790622190986,0.004696498554389181
278,0.00923501968866025,-0.005363782127595176,-0.003021634802229967
279,0.006916061440014278,0.00384764719988898,0.01369087118465482
280,-0.006078169115629008,0.00027079134414968254,0.007018986265815721
281,-0.00027919380434840365,-0.005376207892981831,-0.0037116858108512695
282,-0.006043045606427255,-0.012796556032274453,0.011756445366834492
283,0.0011285233396616662,0.009054798935923253,0.0028233936716756084
284,0.013405529201350666,-0.004841481103616337,0.007048684207459183
285,0.0073818429580348646,0.007461042347857995,-0.0008625133831842915
286,0.005680458882781831,0.00075843488330523,0.007087753060860338
287,0.022744503454499,-0.0005457794220513778,0.014929272591249243
288,0.006653843308987013,0.006116684204361613,0.0022396686050017716
289,0.008875093060904914,-0.011826510276203633,-0.005241067549475327
290,-0.0065187352133908244,0.009418005923190658,0.0014350334778061179
291,0.016328903440882975,0.0009532113215766469,0.0006219415928386762
292,0.00413146092444116,0.0031547476182738183,0.005392627134662804
293,-0.012768162735177821,-0.02080536643029723,0.004463957828438989
294,0.007933158664811665,-0.0031929992469416813,0.00724860952374904
295,-0.017152676027712678,-0.01696075617433832,-0.011121474321078679
296,-8.562041589125714e-05,-0.012734722441499641,-0.0016476866356705615
297,0.002609056119135183,-0.012850714187401361,-0.002183967291509822
298,-0.012250137591380455,-0.014046401999467831,-0.007559303123571406
299,-0.00591449252903199,-0.004872166918247449,0.007192922746836119
300,-0.002844246649148102,-0.001126490056399675,-0.005059878179673282
301,-0.010170414211213525,-0.011528061854985889,-0.009617071174786855
302,0.014829883554031205,0.0055085587378034305,0.01297109439807564
303,-0.01639763584584892,-0.01675664218113047,-0.01983442453066048
304,-0.0025863982636516857,-0.009648381143326425,0.006126151654308319
305,-0.001200812943091559,-0.005856377903987706,0.00022258719317768598
306,0.00984373099683781,-0.0004246426645347517,0.0015162572644483248
307,0.004339312912687395,0.009737688656508897,0.011067385397977655
308,-0.01298445165544553,-0.0005281119468534448,-0.015759980994691194
309,-0.0034595313720529545,-0.010717737554277991,0.0049375027380654125
310,-0.0038269269991795052,-0.0006925441184478774,0.018119026575958028
311,0.015054564041260453,0.01720240891466033,0.021602553415193654
312,0.009745915112428413,0.004092756760065281,0.011176321233058815
313,0.009642817467099352,0.008488637360368777,-0.004314406626340168
314,0.005352693280452156,-0.01014377290210556,-0.011135531539899388
315,0.004742472426077371,0.01836219793670723,0.0031069462274598415
316,-0.0010205687644921687,-0.0001481004669816848,0.0022852940262452336
317,0.005461058552570719,-0.00078461256859931,-0.013300006810503752
318,0.0026494872726599136,-0.005905080450119853,0.005267877865761425
319,-0.0011445278412230023,-0.007870634107051471,-0.0021729613047294315
320,-0.004113193856876774,-0.012460879760967991,0.0008306455403563231
321,0.0025255291806843714,-0.00949757327794501,-0.010394930220817274
322,0.005290867983826118,-0.0033660561265087263,0.01464334820259943
323,0.007750176211807407,0.013007734503880916,0.014288778652988809
324,-0.009439867088027468,-0.0023126853123979496,-0.00883892510542186
325,0.0014337616462830466,0.024686703968214395,0.020163640775723624
326,0.01746933173024173,0.006862029452625617,0.014466176014068594
327,-0.0037493080883924455,0.0014987650919332308,-0.0081709963393589
328,0.008709288750745984,0.0014813009833413375,-0.01010234590858409
329,-0.0070084076410907225,-0.0061364249676556255,-0.008346066705952265
330,-0.003128517785491493,0.009220775481667765,-0.011196573202575144
331,0.0039454447696978005,0.01138794476567721,0.0013717446667280548
332,-0.017975752462590297,-0.01623341161632701,-0.00982498300365691
333,0.0006632562245609118,-0.014341083544341333,-0.0003475291784813103
334,0.0035443142491000104,0.0007322068665886998,-0.005737160910467039
335,0.00045437138840857843,-0.009522343871971256,-0.0005704116716939315
336,-0.0009635838513885417,-0.00969637506992761,-0.015048727185533288
337,-0.005592421739202374,-0.01000018451788536,0.010752424208367297
338,-0.01793504869640488,-0.01328315721759157,-0.011304049382965092
339,0.006399834524009333,0.004328186214937653,0.001124713132994451
340,-0.004409545187665463,-0.0013301282120043395,-0.00706712825139013
341,-0.01497244835089292,-0.0273888380234981,-0.010113406322490984
342,0.003231850567208826,-0.002681527567011174,-0.0014812142998285604
343,-0.0012825083173595266,0.014454736333038433,0.011880970958804981
344,-0.0060493214871182735,-0.005100783674472083,0.001371175722555329
345,-0.021306120419354754,-0.0024954336350880672,-0.014753090265111481
346,0.007889519635218382,-0.011929213467228373,-0.0014582304411068273
347,0.0035244455644171547,-0.0015354654742546151,0.009251342860058343
348,0.005175683896270037,-0.004891897632921416,0.003944701741945309
349,0.02083914921202229,0.0015045057410432202,0.01626990923830218
350,0.007959982679765826,0.0017025380970066785,0.005660573431380769
351,-0.00600601170805852,0.0025619430452647365,-0.0029411084931894654
352,0.003347125071799172,-0.007224235458296917,0.004503054734296731
353,-0.013420015138277782,0.0073905940407639386,0.015107581147247386
354,-0.011472186417253064,0.00036521310290402485,-0.01703192468487697
355,0.0158441029890547,0.012264455495026484,-0.0006823592621825735
356,0.0035478682292051926,0.002221692953248065,0.005686731770555223
357,-0.0113023811039408,-0.000575451969190069,0.00019276694141248413
358,-0.01712141429977236,-0.0011722367108622095,-0.0061098025424753365
359,0.008404303168520883,-0.006462632059852135,0.008544965846490974
360,0.0009897719227599598,0.005521501695369729,0.0020289246521854407
361,-0.014473729672574612,-0.0201076768452601,-0.016288322322944564
362,-0.009907809702244481,-0.008858384708061435,-0.0064704931177962995
363,0.0013882871217476274,0.0020686474428499024,0.0013526348487092625
364,-0.0017111708876207253,-0.008315749503650069,-0.0077962906455770736
365,-0.010877568914266706,0.0060341806807954436,0.006820532583956348
366,-0.0017197700782259114,-0.01209523354143745,-0.008630348782457524
367,0.022841905043972155,0.013608913160940563,0.03449266020874784
368,-0.005510423018687858,-0.005617671068664001,-0.01601673033991931
369,0.019651767230197178,0.006194614272790617,-4.307533416743425e-05
370,0.00658025366792722,-0.00204191827586678,0.00013241045593044925
371,-0.001940122337398407,-0.005852871858380155,-0.00434868280694439
372,-0.01846276019140797,-0.019916235037560005,-0.020492423007895857
373,-0.0017252345562537073,-0.01753284821781657,-0.006477588888236728
374,0.004215410924548244,-0.00421549653495225,-0.015645545662257086
375,0.005005057289100986,0.010024100438684475,0.013050455091074806
376,0.0023790441554577962,-0.0020478030187532615,0.0012398210842815432
377,-0.0008264870218973205,-0.012822765633177935,0.0033143470574085367
378,0.008860941648993896,-0.006260610797054246,0.0033802608858293282
379,0.014071598553011353,0.0050122641309376876,0.010986264829436269
380,0.0015632494953567262,-0.004015765067701821,0.009741303065414375
381,-0.0009353817758966563,-0.0002049411642004827,-0.0019356594070391788
382,0.01815692787683337,0.011548363377647461,-0.0028521454482954844
383,-0.005517193166795325,0.018088674006876967,0.008174750512313894
384,0.01469727977050262,0.0070924603167674275,-0.0061384376173075576
385,0.004759322177372398,-0.01130659237495731,-0.018188095826734547
386,-0.02244640725697827,0.0008232380950100358,-0.0024250757400761905
387,-0.028205181871019433,-0.007007748395003946,-0.02090347306263991
388,-0.0003571497709472893,-0.024544066068627603,-0.00014654200523487104
389,0.0003228983411571163,-0.0100416689060557,-0.004094125489402839
390,-0.005595020633127224,-0.007903385784221183,-0.005091471544527425
391,-0.0011094075626431905,0.005091132849447955,-0.0024485130392188086
392,0.00811530108616775,0.01716844934762229,0.016185053079674792
393,0.017047497989886695,0.004092933813114871,0.005891875324649657
394,-0.013211644400565542,0.0032112896832480215,-0.01249371635298375
395,-0.008978284680473889,-0.0021204675684869073,-0.011945341503870005
396,-0.003882770813463024,4.6372808264705365e-05,-0.009637071740371648
397,0.01273853441230304,0.012975979845671521,0.0069623034061593835
398,0.012893360483712896,0.010861055121360073,0.015265802500964064
399,0.0033648068567933478,-0.009568566480397724,-0.007329425139751109
400,-0.00031636881963483096,0.000771531441537812,-0.0035225239697147183
401,-0.004201653592895593,-0.004797488302175471,-0.004308887598918428
402,-0.0023662071830644216,0.01309521537329544,0.006466206197785958
403,-0.0182857243135316,-0.006065673099519808,-0.01850430545343266
404,0.0041628779989159054,0.002242595256583138,0.011191839026027552
405,-0.008576997815555314,-0.007625705014269669,-0.014360611256708355
406,-3.602254041220604e-05,-0.0004768641755411966,0.020974627102192688
407,-0.00014060530296920894,-0.006893095012190403,-0.0005553262028694175
408,0.0017658130510248427,0.002035498072580984,0.0007372910752467223
409,0.013962726817378195,-0.010000359516875747,-0.0003615683489266495
410,0.004042204719739824,0.011655764583338342,-0.0020422652124524373
411,-0.01159979325125707,-0.021776588344254003,-0.029813334023951314
412,-0.01041334444581115,-0.012572941246250597,-0.018108823663330543
413,-0.014471174508855253,-0.010812478168315532,-0.014603755578190403
414,0.0010007991200734361,0.011697491254877351,0.0015499239479486821
415,0.005547987908506383,0.012045734350517947,0.012386569033110209
416,1.4839349232630383e-06,0.004915455298863259,-0.010643501163173016
417,-0.004646118859642807,0.00208313443380981,-0.01785422199190475
418,-0.0003672741708554581,-0.00880397084409768,-0.020900381031009736
419,-0.003743258804892323,0.0002647748538717254,-0.006785343703712364
420,-0.001448210978474845,-0.006494001694533433,-0.0057339477804093176
421,-0.0006448160444562,0.010751506515543914,0.012445114755904693
422,-0.0033384271154996053,0.0075509872470928205,-0.001488089167555079
423,-0.006575797931879969,-0.01730763940604264,-0.006394538200099949
424,0.015922519212951698,0.006998827206881249,0.00383474270993323
425,0.0011137078500481064,-0.013889172256631705,0.009304123143185239
426,-0.0007970756966042442,-0.00040799153544989104,-0.0034991561774749052
427,0.006768434402350157,-0.005057394083128171,0.002023692683757734
428,-0.004183759592986572,0.018374410171531703,0.0050620806359539215
429,-0.0165774514494196,0.007583961032103704,-0.0034497050296350335
430,-0.003207781444329829,-0.015620203395317025,0.009309791779010883
431,-0.007417188183691814,-0.006969925458080018,-0.0061516318726043675
432,-0.00596043781461942,-0.006824750461305919,-0.009727495903192432
433,0.003100907587014251,-0.002149978908056811,-0.008830883444487299
434,0.004526081457500045,0.0036584957158404216,-0.0038989558790880263
435,0.007283311800381459,0.007221378841044875,0.007503190414736157
436,-0.009010793381145682,-0.011167544725017853,-0.006420562396218324
437,-0.0034565145676595872,-0.015238331270681086,-0.0013362557805079508
438,-0.0062339653879987965,0.009549370675163723,-0.003568991648337875
439,0.001412669954108797,0.006079449946545949,-1.567207504688299e-05
440,-0.0008695695847825645,-0.0029074960292168788,0.00238943151435043
441,-0.015377630826593255,0.0014080394072488417,0.002052783555350043
442,0.0006854655198082298,0.01188216707966514,0.010441291522448985
443,0.0021381272631327895,-0.016070414145918088,-0.0007629058224811125
444,0.00260108570773289,-0.0061400429230475135,0.008767218445452007
445,0.0010059858798095861,0.006692463521248625,0.0005584368858392268
446,0.004096524763183047,0.001853832183545772,0.0035579944073006495
447,0.0068493288221681955,-0.005646661235426343,-0.001277279537962844
448,-0.02249814759718342,0.007043948065936868,-0.00780503161856217
449,-0.008926373783068186,-0.00014545481168225344,-0.013814241795836466
450,0.012680069369616456,0.017000766779238806,-0.0010190375965613942
451,-0.021157865576323195,0.004163770900083929,-0.0016013331071832663
452,-0.004078432679904909,0.006770297178173285,0.01068833723219875
453,0.0018474135565508777,-0.0030928487460934006,-0.0032459472378233564
454,0.00593203916634395,0.0004347706918922946,-0.00929591871692326
455,-0.004093836530445092,0.004125023778059004,0.0038519783829596846
456,0.0026208798823174006,0.008542650266233008,-0.0003053768740360023
457,-0.023291942289993428,-0.002458584964064773,-0.016177596393378336
458,-0.01587494868133597,-0.0090339904089855,-0.011127227180504162
459,0.002051685779095834,-0.010733944517107775,-0.016790099914476418
460,0.006919983215828668,-0.009323296908250258,-0.014202410989707285
461,0.006673608155132724,0.0003711815171240027,0.007792135237217073
462,-0.010443897079682626,-0.018528617124491473,-0.0029135051572229437
463,0.002238839639871821,0.00580816619258112,0.010407887621972286
464,-0.0185484229967979,-0.016067322212349334,-0.014701968901521957
465,-0.007117524649859285,0.008032531198027357,-0.005438731697269609
466,-0.015845681892037066,-0.0034946954321451893,-0.010063638221859147
467,-0.0002308725013673307,-0.012385711586391051,-0.0005286700397610804
468,-0.016341523010815078,-0.0002443060002665035,-0.007812256885961113
469,-0.013706523032253587,-0.009920846194463403,-0.01314764458288476
470,-0.008212590476964156,-0.014941844442941086,-0.009379544348934486
471,-0.01232028264599605,-0.017138022709784928,-0.02357320501358636
472,0.00835910635890644,-0.006220779896966627,-0.0035348571083340568
473,0.0020456624122033957,-0.009934003981599717,-0.004551043191103387
474,-0.003052382135478329,0.010191979242514299,0.0017998825691242348
475,0.009685857851885485,0.008958886906008793,0.029520958205412017
476,0.0035813416690643114,0.0023031880725472415,-0.00046494492634196517
477,-0.010026865610900234,-0.009279634310956355,-0.0006748994273588994
478,-7.127580741755171e-05,0.0006695527698480822,0.003495352274731079
479,-0.008881102795922914,-0.01770020586807425,-0.012790456351691739
480,-0.004367274437812647,-0.011802336409939938,-6.75978350866871e-05
481,0.0068279777357456,0.010470454146520862,0.014467333664047278
482,0.011465367778952025,-0.002190298284200932,0.0036733419033500012
483,0.009654060868278226,-0.006631718042272972,-0.0035433879162833325
484,0.0012992299823480688,-0.016606642780574436,0.009410188361229517
485,0.016577186687915486,0.00950955014065351,0.017042966351698833
486,-0.01133016313574626,-0.013497005897736862,-0.006765192385037278
487,0.005085871107770898,0.013496710592036363,0.01140647801917611
488,0.014381152270221775,-0.0030235369785050663,0.002862247065701031
489,-0.0006555648451065484,0.0014734784123795102,-0.010485352207972335
490,-0.010544203647312756,-0.006334666416896249,-0.012432495460090072
491,0.0036229202221372938,0.0019331385426967027,-0.005915844588125698
492,-0.004136400979499377,0.0014518445173314306,0.005647168956401708
493,0.0014192788578952047,0.0010362018796013248,0.00826001545787904
494,-0.012803382930222044,-0.012751028805583767,-0.01674739066172979
495,-0.01778060667217488,0.00456027361631877,-0.009623383713011548
496,0.009270777154317853,0.007737088373464326,0.020362929407736145
497,-0.01982210225499773,-0.018599125430412377,-0.024241601416986263
498,-0.0006891785877988697,-0.0285727877021905,-0.008511858820599268
499,-0.006445313021644138,-0.016697059555052615,-0.006456434296937989
500,-0.011079165030118052,-0.0012374262645575835,-0.006749283427842919
501,-0.002589161033448628,0.0021868321234268843,0.00048498589817759936
502,-0.005175562302505796,-0.010717714439340572,-0.0011646623536354646
503,-0.013182076003457494,-0.005796490318596035,-0.017213381459931086
504,0.00537547257676803,0.015424191405554311,-0.00324117476517629
505,0.0046360572021708285,-0.008394180952324758,0.006740316480096554
506,0.015412091730971873,-0.004432833092716556,0.01410809257062533
507,-0.010292132862413962,-0.0008507248442639522,-0.0031155658327622726
508,0.013919719711025756,-0.007845019553131608,0.0030424666439102543
509,-0.01906464490871891,-0.006924226402305417,-0.011812720620168159
510,0.0007154782787524228,0.006758960604896986,-0.010925433050731532
511,-0.008001852381150538,0.008138863805650768,0.003478498786968344
512,-0.010948045310050994,0.0018472358886607125,-0.0034797725079584027
513,0.033684022130813895,0.01847344760993178,0.018198298559425414
514,-0.017040997638721283,-0.009540206928403232,-0.014111169494265951
515,-0.0020851294271217783,0.0002932032498194191,-0.009690651142063498
516,-0.006833259110333991,-0.012100565484513444,0.00016876675432963187
517,-0.0031110067434830593,0.00843990011518764,-0.00033992575237797105
518,0.007123775707731669,-0.002624926774598274,0.0010487282935635076
519,0.004992595830580322,-0.00012284775353346678,0.014804037936061751
520,-0.01382189444069737,0.010908700457775417,0.00343658366629718
521,-0.008842445843463536,-0.010090297216435801,-0.0027218582455114664
522,-0.00956833962662584,0.0013840083512723603,0.006543400528313355
523,-0.0029219463392455777,0.003969195304272288,0.011911842100490557
524,0.0002960442799784285,0.0030395511643538198,-0.010526266881880233
525,0.007015637282666904,0.005004357664720468,-0.011146960494334628
526,0.007155901908463461,0.009470183893348888,0.0013676595232050782
527,-0.009022475906211292,-0.004477529980018844,-0.014635748169802815
528,-0.002482586269297636,-0.007476142997146491,-0.0005450869245150492
529,0.0034941216978268833,0.006886044890082521,-0.0013898573164046763
530,0.01127445758013278,0.022100491190888822,-0.007113013644057254
531,-0.013210280013016386,0.007348906577292497,-0.016280417778125892
532,-0.004935320844537296,-0.015402876983953498,0.0051720777131634916
533,0.013881971831165898,0.0028896749762250015,0.0010607105651766003
534,0.002487154411756235,0.010663795982227673,0.0026718759157251365
535,0.017163980944878133,0.002480501184744351,0.0037072043446923072
536,-0.004322704365288084,-0.0005337771347423115,-0.003057312156005188
537,0.0123140062399016,0.008572547253890417,0.01740364502536201
538,0.0031984630443898984,-0.015354350875826093,0.016576724802622515
539,0.012768902613291997,0.00495485900400346,0.0006912830419480275
540,0.004382321698995222,0.003612955498223756,-0.010769824284949913
541,0.011691034028877575,-0.007028945474381454,0.011704032287794004
542,0.00404413195648475,-0.00294859581122575,0.009861567806125382
543,-0.011849310326318755,-0.00694331077394995,-0.002095982601005203
544,0.0033217360963406113,0.0010711714300811741,0.011370779605892788
545,0.005741426246826799,0.006848563625340684,-0.0027026621681528465
546,-0.016700614348106182,-0.011572696424279475,-0.022248025566822205
547,-0.008918962766739733,-0.01243841048558984,-0.01323482439804699
548,0.007593928915539999,0.007073110306166825,0.01135618127824331
549,0.006902400946126047,-0.02146080829874443,-0.009586947783096916
550,-0.0036104067527926043,-0.006922805768332123,-0.0036648426025104584
551,0.0011780898691608336,0.0020439219067938347,0.0054287603414107455
552,-0.007186754321589042,-0.0050578276844035815,0.008118147671676016
553,-0.009988738436758033,-0.015551810335840533,-0.0023806596624418794
554,0.024813074208597956,0.01661988188515213,0.010541662014207805
555,-0.0027276024197180407,0.006640387791525766,-0.0033526345314233434
556,-0.008243108892740072,-0.008907564057141992,-0.0034402283751281968
557,-0.0023304289027594647,0.007616668367311588,0.003699086876873369
558,-0.006162219277205196,-0.01509151892582421,-0.01831472361793761
559,-0.014913454586406237,-0.01616706752111391,-0.006183958539634305
560,-0.008513967509371887,-0.0005667017890217302,-0.0008086578529308922
561,0.004208687701213923,-0.0001817185625758756,-0.011972116474173901
562,0.005429147635793399,0.001970004422999385,0.003981600981727778
563,-0.0006279072817559025,0.0005514100207200061,0.006418348035472754
564,-0.006384459800742149,-0.000749040663576298,-0.014208837466043784
565,-0.01974425139567145,-0.008873151155027013,-0.018876464401082763
566,-0.002171676199568492,-0.006106130842290103,-0.004310313022894123
567,0.0024126588327369708,-0.010371231047168541,-0.0040240163615508405
568,0.0005369507525673678,-0.004081420085928819,-0.006493996632114244
569,-0.021138918603930693,-0.012036078526246228,-0.013362415990071963
570,-0.021583189285352977,-0.002165413256815401,-0.0033692248963513843
571,-0.007441863169062859,-0.003981181015659334,-0.009334462875198563
572,0.0013854139275743715,-0.005711117435355366,-0.0038061206375647016
573,0.0020572378844055405,0.0017394490560803423,0.00687050703784117
574,-0.011433120180340565,-0.006408820803868216,-0.00025514596373768126
575,-0.0042016829744717455,-0.008519851559277442,-0.013879486010417923
576,-0.004289069806874378,-0.011544716014693295,0.006837120753257931
577,0.0011017504045891448,0.0038244623725111272,0.003630266313633801
578,-0.012614936562110298,0.004591773905090494,-0.011571332179275386
579,0.01859480525713596,-0.0009710790698251372,0.008531996849910623
580,0.0012572706504712916,0.0014947097379606822,-0.00019350749393942402
581,-0.008110472651853115,-0.005538042926126032,-0.014811574268031773
582,-0.0068679053306948705,-0.011015201141044435,-0.006004259441645981
583,-0.004259792137239573,0.0033857968546340132,-0.02364652607535836
584,0.008291935173876924,0.013017955281466449,-0.005288373687098123
585,-0.0057144512915614926,-0.013279344363396431,-0.01465382950967335
586,-0.00369585722657827,-0.024472938931908685,-0.011323794396068211
587,-0.015308399518040791,-0.0018121368215776432,-0.0010578004325617154
588,0.014543035425952928,-4.164703260542048e-05,-0.008474112985767338
589,0.0046201039479580415,-0.0007719235406309756,0.00046012452721388156
590,-0.003950880249913275,-0.007033833802945024,0.009916676601362508
591,-0.009210116740138946,0.0059339664711959,-0.0014907393857845836
592,0.002516496161526833,0.006419546470100074,0.006049178499615953
593,0.005173783379012941,0.012925086068297138,-0.0011380885684212033
594,0.012761956541972638,0.008247727520294705,0.015848287157190732
595,0.007558281125987712,0.015618192059843402,0.012526101289344766
596,-0.013432362266034878,-0.003895144544246412,0.009509359915985035
597,0.0029367997351507228,-0.0020765118948629802,-0.0036778398505293844
598,-0.003582801936645242,0.002940132856695826,-0.004579560460692366
599,0.006622566765077328,0.0010579667806200304,0.011818038166606013
600,-0.019613145321804772,-0.013174858689159052,-0.013781466827305262
601,0.003213413129422812,0.025948131207610258,0.007916734445050807
602,-0.011310088746839357,-0.00016020070111324368,0.004927049531186094
603,-0.006460447382574513,-0.005316406898932513,-0.010147017415766908
604,-0.014714088725258008,-0.01687274167677422,-0.0079043485181189
605,0.00312452042547729,0.02011164786892218,-0.0014065061443708712
606,0.0009660587284951069,0.007038675043507367,-0.0028331202280044735
607,-0.00438028464686068,0.0023731827373653517,0.0001246229192845657
608,-0.007672481639040672,-0.0004390518736015161,0.003980354622092575
609,-0.011411386291017183,-0.01108168815281584,-0.012067569475658459
610,-0.00027960962988374157,-0.00970009566866584,-0.007367934356030823
611,-0.000257217415982755,-0.00032574290664168806,-0.006450116653046067
612,0.009146631937510074,0.008891613569283684,0.009977210627048915
613,-0.009165593505958502,0.007774384846120686,0.006489009731731377
614,0.005403251419917583,0.00355462994994129,0.0044830789613524375
615,0.0033900695708853823,0.004562824593290762,0.01721990300193777
616,-0.011646580008818526,-0.008186059148736843,-0.003914115530019994
617,-0.00918861364338913,-0.011180538128014271,-0.023116906445579073
618,-0.0001303182578947669,-0.008836320449951845,-0.015542522540718294
619,0.0035445900793344225,-0.0001533313224224014,0.0027336049703761693
620,0.005677835546091602,-0.005248019715853588,0.0028600630157442344
621,0.004678301809737914,0.012554203547617049,0.025597605976398576
622,-0.014729402076564539,-0.010914881328278614,0.0003521700399972199
623,0.0021134374681946364,0.009503231531000012,-0.0015538151538593463
624,0.010080160471398543,-0.0051657487993533105,0.00263085652334009
625,-0.01260365364692939,-0.00798089893713647,-0.01360257920291949
626,0.019315788782484248,0.01498927886351219,0.006930578198550302
627,-0.016611772511398483,-0.005309137159391542,-0.017652625878190765
628,-0.004458645998898586,0.0011519203594578446,0.0039535319476539125
629,-0.0035458841539154537,-0.0010515270813312371,-0.005789920552040398
630,-0.006979867320757636,-0.003232765999321292,-0.0031685433012119133
631,-0.0012412993756397784,0.002404904935970555,0.0015212753439172017
632,0.00535153094587817,-0.007499409820583971,0.008487061884463201
633,0.0004852789713087059,-0.00010853146717433338,0.006861012577933024
634,-0.010198031773170357,-0.011116978908278846,-0.007420556986297908
635,-0.010160988406367534,0.007451484876312801,-0.008257276644372194
636,0.01975103686936724,0.004032301375631979,0.005461732323269048
637,-0.015326862479585,-0.022854558373258577,-0.016474047358851003
638,0.01015730320761713,0.01969307962469877,0.014266341627358554
639,0.0023435831913390403,0.007272726615992828,0.005591288430144931
640,0.009967430531205555,0.015518106370850458,0.022997208932025795
641,-0.007261511879856496,-0.009669821106988129,0.011071005590511608
642,0.027016104527198007,0.01891153551209851,0.016051493293297404
643,-0.01312214570397747,-0.01127593918534365,-0.02357143512986782
644,0.01906636740260913,-0.003304575974321405,-0.00436405951736276
645,0.014971929129873867,0.009652889143147164,0.012190285758092898
646,-0.007086877600243547,-0.010244589296198571,-0.009264757761489616
647,0.0012163756358290411,0.0028428732192369585,0.005534142631688032
648,-0.002897923089373091,-0.004315656618119043,-0.008011759978555383
649,-5.7791928263598674e-05,-0.005242960479897393,0.00601754202782429
650,0.00924750160447993,0.010781765916661561,0.023400980923801478
651,0.013273301833090466,0.004348625257158218,-0.0016079876832767025
652,0.023534853766829355,-0.0012996091463779412,0.030077876190221998
653,-0.0001740908812921422,-0.0023725917080196527,-0.002921531714182517
654,-0.0010471629300643403,-0.009084916679965367,-0.0026327608204647955
655,-0.0016047999100064069,0.0006919572571085273,-0.001281426945964734
656,0.005018320778906343,-0.005790881706251493,0.005546819262419155
657,0.025132482612439767,0.020166513813163253,0.02672552157846086
658,0.006642824171548922,-0.0011496852852577585,-0.005034869816146616
659,-0.005386403691162544,-0.005047191565228551,-0.012775968243464643
660,0.004315190432655673,0.016640811631442202,0.002844629983552895
661,-0.0040791131620446725,-0.013288188470081773,-0.003756938016320906
662,-0.009623978024886508,-0.006649475885228871,-0.0014876930140792879
663,0.0008282702136339257,-0.009706131947233507,-0.0017020366949566823
664,-0.007678349855979567,-0.014263499850440058,-0.007180461378429418
665,-0.013829245779421842,-0.006059380974009092,-0.006324593566499692
666,-0.002566707402850985,0.007005021203292956,-0.0004440052447715351
667,-0.0005980267151770871,0.006031097970379953,-0.0018931012396196613
668,0.015468258826872416,0.014391350567134507,0.016524287640863895
669,0.012084564449249416,0.000668740536944674,0.007261197221268725
670,0.00868502590199068,0.019159617935244327,0.011532370149582182
671,0.006555220950622906,0.0040864303419111256,0.012381178761228613
672,0.005828342343239924,0.010344772603435113,-0.009693851040632424
673,0.01171993892080998,0.009018121022521001,0.009617447325184285
674,-0.028542892472966798,0.004150951862396269,-0.008937252128794856
675,0.005651934856845786,-0.014080211206424822,0.003924900608683717
676,0.0029480625270654278,-0.0015836432713380493,-0.006500005127658522
677,0.010867304758960545,0.004108015925246827,0.008871593618809022
678,-0.0063909630025356726,-0.02358768516136559,0.004008915227745187
679,-0.0060580938969786195,0.009390424412550554,0.009134681290630609
680,0.002646483186331142,0.009231634041297116,0.005138809660166075
681,0.005228301254463943,-0.00036800944686919554,-0.008592208770691202
682,-0.001894791706423272,0.0009913614419386374,0.0008983582305524933
683,-0.006273505262258387,-0.0028894286336493625,0.005361554013026985
684,-0.0023968907677964493,0.01077732347551314,0.007740063187746491
685,0.01173750070221759,0.006546172637026044,0.0017839639015794534
686,0.002768857400966714,-0.005568084668529751,-0.003632185554854306
687,0.0005256848870223265,-0.0005327127599950949,0.003371935739293801
688,-0.0162471919382692,0.007787377492316329,0.001959790916200506
689,0.006443891886267179,-0.008691109471408935,0.005536371889590467
690,-0.007370572613976281,-0.014319023483116719,-0.0019577162650545386
691,-0.003435923489707554,0.002389607215125462,-0.0037869117392180414
692,-0.005832843832239875,-0.01064462584605522,0.0013942185256329426
693,0.007146848738543882,0.001937605769268234,0.0019428853578342075
694,0.008610499224762928,0.024859192964240738,0.0018973834328683535
695,0.009113865152047044,0.01293438124303654,0.00785297926656343
696,0.005587219540776722,-0.0045048107985687594,0.010019864546138695
697,-0.009028418943914773,-0.002276870557439965,0.003945200882994054
698,-0.004613290567797066,-0.010041001607879378,-0.010798644473233978
699,0.013473765802481007,0.014159427419138915,-0.0013781602410217289
700,-0.008094373051654722,0.003947387931306192,-0.005073127612268913
701,0.0002948401822105683,-0.007984065429745517,-0.019878184358418795
702,0.005456257851182406,0.005110217704655906,0.011494136960739735
703,-0.005864890032803119,-0.0017344921000871506,-0.007175632121229077
704,0.003943047684455498,0.0025382579346047915,-0.007483616623209935
705,-0.0015505075678898723,0.00820381019529163,0.005917811041891445
706,0.03485060834721661,0.014911884713428568,0.013001607087426878
707,-0.007924068094608468,-0.005551064830773339,-0.005743668628117284
708,-0.007000859214496462,0.0004896841613443102,0.005960875313096409
709,-0.004951951316851004,-0.01474852872504157,-0.007594715570629129
710,0.00030462674154806986,-0.005620605782612498,-0.005424439205672598
711,-0.008143833547342114,-0.0014060929227919113,-0.00494650003220215
712,-0.007985641205109268,-0.00499975990733196,0.010490441607619914
713,0.01227609390276933,0.011011589271111549,0.012659197683476717
714,-0.0027039875808789584,-0.0019907653434644186,0.0004487666356205844
715,-0.01694801383947504,-0.0017684992428972795,-0.017777539027662437
716,-0.00017222429110828045,0.00956666358071812,-0.006865224530823554
717,-0.012233894796113764,-0.014336255687878165,-0.014127390804918547
718,0.00812300490990004,0.014454107917782405,0.00829049383738763
719,0.005813963742448853,-0.0054240014930844686,0.00739243645695322
720,0.011951500822947471,0.0064042500216262765,0.008869297805946325
721,-0.015169926966052938,-0.014281656825325126,0.0015237500403586118
722,0.005269509568716722,0.013584070293056817,0.0010082917039106526
723,-0.004246303621676824,-0.008525221045443763,0.0013481241204472574
724,-0.0022101556991211773,0.004263604025653607,0.005781183948141011
725,-0.015994411990241795,-0.009556007198986914,-0.025632617470167502
726,-0.017619866471597318,-0.016008079374177572,-0.015940080928577592
727,0.01084467402004041,-0.0001425841173134765,-0.0019465009349375546
728,0.009838556428032224,0.014503218600774371,0.02983755561373763
729,0.005575221038508735,0.002624422308983653,-0.001668021894002966
730,0.024735987751382322,0.004894088832055397,0.009515815492874828
731,0.0073083132540997875,0.012092716244291918,0.013989777920395874
732,-0.007180980873358283,-0.0017212801661617475,-0.0015298023920042269
733,-0.005085644080697055,-0.012454109296484632,0.005589371801382803
734,-0.011398786984781941,0.0033505597988532903,-0.009582169779858348
735,-0.0018040464804929613,-0.012304328562905165,0.0025368317224544867
736,-0.004663124302500834,0.006169267297445493,0.006162181351679033
737,-0.007545991724467719,-0.008042439905696667,0.0007808907175374235
738,0.0013164754937409768,0.003769188202932638,0.006427970499453123
739,-0.000886233010926622,-0.009245536634422341,0.011751681257242814
740,0.007222429440086963,0.004015246942149058,-0.0024601711142025343
741,0.009108241565281967,0.0009122781761766744,-0.005581452207037586
742,-0.022367483428313545,-0.003200655449051383,-0.009204891106438436
743,-0.003661635804848904,-0.007085505213621393,-0.013931803471221433
744,0.009093125918291957,0.01511919581787308,0.024045169200866173
745,-0.011474235852617271,-0.00328424348311072,-0.0031415128047463793
746,0.0039348194882991286,-0.00041384566166090476,0.006449338907906103
747,-0.013802865160045549,-0.010138338348638134,0.009626067496516722
748,-0.018393617503379044,-0.01113169900735462,-0.010088139632122491
749,0.01618311467195687,0.00914699252256851,0.007255788614798175
750,-0.00733693254604113,-0.00232515706788724,0.012786392234586235
751,0.002198135499027728,0.005310958241301489,-0.007212976202829703
752,-0.022276840928333895,0.0023801216073368095,-0.0018274963294737238
753,0.0007097920396784492,-0.004975196003125448,-0.0006078104857903526
754,-0.006162889828052238,-0.006698465703641037,-0.017409002500131526
755,-0.007891272389276168,-0.0017666004853627412,-0.01955247632542791
756,0.006123922195522434,0.00352056889060425,0.0027053421595877912
757,0.004175383641592282,0.00725815542594753,0.0005010746343314112
758,0.012799689395042104,0.012345269822540382,0.001487018533688527
759,0.01205063609351214,0.004712915477156,0.01137604048624812
760,0.02098534678690849,0.014031879269217815,0.007256232745861263
761,0.010678892826006675,0.008999349421038897,0.00435530679794502
762,-0.00984608344109234,-0.0034137989346383906,-0.005929187795083348
763,-0.0059621616977417165,-0.023133819403489148,-0.005744822765513355
764,-0.0054911927336789845,0.005741995399612427,-0.0023406618167968385
765,0.0038258234449742115,-0.010404367533470536,-0.006220385324583698
766,0.0007625196364583218,-0.0008322124587282787,-0.01586301547632646
767,0.00959366246191515,0.009346721475216176,0.0055070087556926585
768,-0.012791639605613955,-0.033595608208378196,-0.002496422648324581
769,0.006620675118986082,-0.003739174609555037,0.0016058818752504665
770,0.003946554346334769,-0.007021973654504105,0.010930139904619118
771,-0.0016300238729852982,-0.008610692280132577,-0.0019514497595879614
772,-0.010073277181650145,-0.0021519762299688173,-0.00832450809543805
773,0.013479913696988985,0.004536619544122684,0.008931631850324948
774,-0.003770008430318404,-0.01209400765239599,0.004650916681079385
775,-0.007695173927420529,0.0011157122146783335,-0.009801296546714812
776,-0.00737626097325363,-0.00907594308146783,-0.0005849219740363887
777,-0.0014767036085515824,0.009204628702766258,-0.005974108764041838
778,-0.00437935319716058,-0.011591270612895308,-0.005839220451829644
779,-0.004218766330300152,0.0014644666909578918,0.0015350982772396559
780,-0.002865238014154814,-0.009231110951126949,-0.005021381507233051
781,0.010629470639600578,0.01189456403685994,-0.009638865161852505
782,0.007913493821218654,0.006221669094371163,-0.0024060885460600438
783,0.006763055312541281,-0.003880054873887432,0.006719308966578789
784,0.0014158417098531686,-0.002250122527227956,-0.0159096796392333
785,-0.0013052479529925896,-0.0007006428100426227,-0.0043934142025046545
786,0.008559820772397907,0.015431175475170311,0.01951770358997702
787,0.01746861596338376,0.015444247902104212,0.00022065603992530046
788,0.002044462905276999,-0.000983998860423903,0.01435327823874109
789,0.021075481062730595,0.015955660690293798,0.0047904162908072034
790,0.0021967689502950458,0.0035524069461777513,-0.0019304660187282586
791,0.004265875318502872,-0.013865490065504133,-0.002691501906479523
792,0.0005503564713673109,0.010761308232903336,-0.0024991686279170495
793,-0.0076512948207681265,0.005456669885831171,-0.004180919376274939
794,-0.0026176627572037704,-0.002658431311293872,-0.003144954826998383
795,0.0008570259279495789,0.010013123318537615,0.007709116176479941
796,-0.017927410182684657,-0.007115200967736677,0.00323729237950085
797,0.003836509457727697,0.016948528135820932,0.0019832355849201387
798,-0.004641091942096173,0.010590674325341444,-0.0039057778716438596
799,0.008597637333563835,0.00696076111174929,0.009033434405738729
800,0.0027367035062994434,0.0065869875555584325,0.008355196276952411
801,0.00995721017862133,-0.01001878350921185,0.006715737393773524
802,0.015295636557444637,0.004120074180719937,0.012417398359511684
803,0.018254784563621437,0.0008420152384850644,0.009029791676033672
804,0.01504101118062746,0.010815318458308699,0.001640290248166061
805,-0.0002503571725514118,-0.005957327685327688,-0.000442564932932454
806,0.00285667276224716,0.00041899600612825316,-0.012845725276982576
807,-0.00980067658583139,-0.008277201435312596,-0.010571108875992875
808,0.01580421558835126,0.008278779038778246,0.013421326598956595
809,-0.0014210082649203798,-0.0041495813757269915,0.007093952222978037
810,-0.0047459664871089356,0.0005563228160601813,-0.009640320570860976
811,-0.0007098681638689892,0.0013637893034476325,0.003616868523857048
812,-0.0014481902509027639,-0.0017959368589819987,0.006464534855433065
813,0.021093475939549692,0.00038181315544671084,0.01787765219750092
814,0.007647354530407775,0.00855470479178293,0.015451782844234875
815,-0.0035047181704875416,-0.0029458077163633627,-3.566426228425354e-06
816,0.0011097833716738176,0.012496943368741931,0.0055915328455793355
817,0.002659357665716527,0.009193912451787148,0.008522129551293596
818,-0.008917870747183561,-0.011330693098123559,0.003541768455235715
819,0.0007703768202751251,-0.005815708303839911,-0.0008188572008105721
820,0.0021640934608965785,-0.005725717070600923,0.0017011071129963027
821,0.015228247399184077,0.003198303021056086,0.011889863664948819
822,0.010177406722760025,0.004069914876353816,0.004449293230829838
823,0.01535686439125912,-0.010479762164047541,0.00025001831361257896
824,0.008171646562607,0.012445723359016541,-0.0013647226725212083
825,0.002498871168099527,-0.00893240349024303,-0.01124106722869072
826,0.007431731507274619,0.009214047011465488,0.0161432332417816
827,-0.018464955690736456,-0.021788091646586315,-0.0018629381149051303
828,0.0022520153762625814,0.0013067257143765387,0.009902604584174558
829,-0.010712457093093793,0.005785458006496388,0.0060393422119204895
830,-0.0027340612188236574,0.004985146565338058,-0.0019121311753036814
831,-0.007092163614747849,-0.007852192645481742,-0.020417261588274307
832,0.006840937057668716,0.0013949164959673316,-0.0014026851889910124
833,0.0028133095502836797,-0.008424480551572683,-0.0027183505793773734
834,-0.0035599978651753316,0.008898865036654555,0.002776497691577051
835,0.013925609665827735,-0.011599103825614104,0.017891840427473153
836,0.013813531010344595,0.01625273828736471,0.0030281587199290083
837,-0.0059403863196089675,-0.00647682355560056,-0.0009879852024269153
838,0.0015202332466014651,-0.0008630196287697296,0.002415775612823845
839,0.013204914323900183,0.021727308486925733,0.019429312181173792
840,0.0006910611400554612,-0.017417718450219215,0.012434871575814889
841,0.005346758983939165,-0.0034424482501692554,0.005775566769603268
842,0.00844340265634025,-0.012401040021056032,-0.00633253408889932
843,0.003885201460872846,0.009539736998321042,0.014276057766435589
844,-0.006945410185862705,0.0012625250043534425,-0.007924340110507501
845,0.0077120982649006705,-0.005121034138551283,0.004637133054895808
846,0.00607447858519759,0.011944949832462907,0.012494290942461395
847,0.008494623356918297,0.012251247923370161,0.010081077419126457
848,-0.027767735488828615,-0.01800201709212013,-0.013672418838513167
849,0.016668990405060154,-0.006524371028640533,0.003689461925653454
850,0.02375152199496037,0.016948110205975888,-0.0018511336454145623
851,-9.450396914919805e-05,-0.0003830640116082419,-0.009065991330371908
852,0.023413466594822786,0.020557574426031778,0.020591329492003384
853,-0.007051919030839057,-0.002724511854911236,-0.012863471377836614
854,0.002386776028497387,0.008863783853639307,0.011417621410382477
855,0.007091466243440656,0.0064315379499516575,-0.0035266159979506335
856,-0.006788456849603116,-0.005946504750067708,-0.008292710449641846
857,0.011537842880459328,0.01347101085794747,0.010474244377879598
858,-0.012945254752099379,-0.020065566467254208,-0.031185236724995846
859,0.0020140822974981203,-0.01461919987423932,-0.011812835829337955
860,-0.003344920694472076,-0.004830678323023594,-0.0009390863663443056
861,-0.01360274759386141,-0.013666569507489236,-0.0027018771693803987
862,0.006152583432713246,0.01409602382744748,0.012066217453490909
863,-0.00212155635686894,-0.004348398525311342,0.008025982821530052
864,0.00524806942654678,-0.0023896712209453877,-0.0018094438728614348
865,0.019565621555343367,0.02076935257997588,0.014702349632322916
866,-0.020632885747476425,-0.0019219503602184499,-0.006840974835280503
867,-0.011928466426648703,0.0015511610055555845,-0.00480246288270071
868,0.001606263811567088,0.007766133022778244,0.005920879446219749
869,0.02536886592897041,0.009842793220553673,0.018813455189424996
870,-0.0064829666969196,0.0009504295256649337,-0.010426427178583234
871,0.003911911926597145,-0.0048700584372880565,0.0011178854583310464
872,0.008634613612091125,0.004264471359527068,0.005084426923662672
873,-0.007331118576089667,-0.01768708263814524,-0.010642017239898008
874,0.0016813250545608576,-0.008919620579723305,0.005184970872311735
875,0.011060099768036494,-0.0020007697166203823,0.012032929984631527
876,0.005329718992739558,0.005158764267404593,0.00036383459341215947
877,-0.001984546552603767,-0.005667020076959524,-0.003694097420647459
878,-0.012779458741305027,-0.01978812715148924,-0.00907269562914038
879,-0.0053883358138311814,-0.0036718656372628443,-0.013997104672538242
880,-0.01966674125270397,-0.01123578662280478,-0.013416245576728518
881,0.0007934584908990073,0.01303786116122036,0.002141530787796475
882,0.003115358450148882,0.010007934806390641,-0.00404773538539578
883,0.0014045275484411738,-0.007214076285174919,-0.016291638086644123
884,-0.007968609505964822,-0.007424498082853578,0.002881307773386995
885,-0.001837322919630302,-0.004087422931453989,-0.01500676193540712
886,-0.008190360954256761,-0.0007756691239499794,0.004756843075897858
887,0.0018329249038607977,0.007059718445458176,0.013032000627992025
888,0.0011148725623965643,0.0006051574446557948,-0.013066220619946663
889,0.013675592603760703,0.005495970096054959,0.011018969472850193
890,0.00719278218278526,0.002027153184701869,0.007847418855549139
891,-0.006931599381635191,0.015108011109830437,0.005022464269068354
892,-0.0023044106892830883,0.004693898179330557,-0.010954129534289998
893,0.00040718517244677,-0.00037273794817438524,0.0064186898062075694
894,0.004624388344324688,-0.0019366528264047002,0.005382054216478256
895,-0.011447032367733789,-0.0004949256363708042,0.004197750261714458
896,-0.012048976476583692,-0.006306586277188834,-0.0001818983370528092
897,0.0012163911754672567,0.002577703933797605,0.002184631057521293
898,0.0035196279021043496,-0.013005580678385892,0.0013080871399259438
899,0.01838682494633313,0.0037675748482704162,0.009988274751330904
900,0.008459570488912199,-0.014422104889632614,-0.0035123006377729424
901,-0.002324732324196166,-0.012622006980001928,-0.010128921023584639
902,-0.0032118952392802876,-0.0002880739019092141,-4.9043469059659554e-05
903,-0.003918087437227432,-0.0130966378826235,-0.021280924542043514
904,-0.00195874929686474,0.0018538453030053734,-0.012139216445014043
905,0.02225753098353969,0.011463661374402136,0.017718741542712496
906,0.016118899328967137,-0.0014223389570303154,-0.00018686199747449176
907,0.012683792191055353,0.005146748662435385,-0.005442327208130621
908,-0.010184772750725744,-0.018962777946490546,-0.01892582122801207
909,-0.013755019531167902,-0.0058397265481419615,-0.013264568873525803
910,-0.006800254153985683,-0.020100016789678512,-0.0032498740025934153
911,0.004118092207019698,-0.0012188704897235804,0.018651740627270832
912,0.011709337897297318,-0.0034617753341038425,-3.839698920762632e-05
913,-0.004297887074731516,-0.010384410940183391,-0.006235755936564286
914,-0.014959717699557298,0.00415621760467222,0.009737612749857282
915,-0.004223593148106222,0.004537871542591466,0.006951090891759277
916,0.006980926988525007,-0.007199582411218804,-0.00924429462108002
917,-0.013714514207467795,-0.010079193461222307,-0.014737249152403936
918,0.001729756615145227,0.0022990880905332193,-0.0022175066710630083
919,0.009786572093717411,0.010046811377211725,-0.0012593419721635402
920,2.924945861219035e-05,-0.0037031772276555543,-0.011746334824255477
921,0.009893068929634896,0.001522855191796503,0.004054507572176315
922,-0.0027071624975919853,-0.0005084551495577752,0.004038953971853569
923,-0.002706229157105596,0.004788626137488396,0.0027300318286849925
924,-0.0013923224834559143,0.010604285232752633,-0.004881897755884836
925,0.0009317125094433398,0.00430404050265176,0.0017422429776979584
926,0.005553329261708679,-0.004417418351141678,0.00037699682971896193
927,-0.0007109353578876276,0.01432943824779961,0.0022974296939081646
928,-0.00046757916720396755,0.007960388963289404,0.004441175785124311
929,0.011630215328044534,0.012339618846000999,0.007778410571259115
930,-0.007242839281952305,-0.0008790579595720882,-0.006453288490655301
931,0.002668055003870814,0.0101728583608185,0.009858466657070736
932,-0.0067558918814503025,0.005287924901205344,-0.012570740018135771
933,0.013089705978935618,-0.011151822265214864,-0.00931347710198982
934,-0.0034072683282299226,0.0024397492873030465,-0.007600796681117058
935,0.009693339194013306,0.01731081502188866,0.01650481752892105
936,-0.008148278631259196,-0.004389354764533142,-0.009884757510488493
937,0.0033346120699510482,-0.002577600726914661,0.014810912791618653
938,-0.012179552055613427,-0.020425131188121472,-0.012283613566938807
939,-0.014140116366541226,0.000585031381297238,0.0045230043634597525
940,0.001994765357602227,-0.00180756246769854,0.006644017244144676
941,0.02131198484007108,0.006816020414893922,0.006291975909119229
942,-0.004687633262914436,-0.012617405659530699,-0.013237445753191017
943,-0.0023448895808672906,0.01418057865981508,-0.0028581372084521112
944,-0.014166111418658965,-0.010688378919383314,-0.013428309737676357
945,0.011835646795655358,-0.011766253414343064,0.007275112481387008
946,-0.016409475962832418,-0.01817443308318988,-0.019764885187190395
947,0.005641156178129025,0.0083697516217179,0.023139095882900643
948,-0.005169789275752938,0.005416459676427685,-0.005556565599900758
949,0.0037235927450201454,0.01143190861523876,0.00535315600848058
950,-0.00190233234506558,0.0034993905609166033,0.011832729678719674
951,-0.004763653803086904,-0.0064090386766305,0.005770552846425085
952,0.012672929862956858,0.0036088329896054646,0.001303586737802957
953,0.001208780978125921,-0.00032564227110592835,-0.005637785217181913
954,0.011359273106193758,0.004413832467562065,0.011227427571991546
955,-0.002606009049001704,0.009265801980719348,0.0008799439962470369
956,-0.008046263258510178,-0.008671918781399862,0.003617886243490759
957,-0.007118003803604803,0.008380069351924974,-0.012490200834095716
958,-0.005153326950862187,0.007505473247785588,-0.001591360922032749
959,0.0043708526546633,0.0045322059010906674,0.007454133184354399
960,0.014771343755378362,0.030630451125518453,0.00942344959916779
961,-0.006622188843725317,0.011443125645750701,-0.01603192278150165
962,0.002073871289307195,-0.0015334309021905537,0.012349946879893926
963,-0.0154279232721703,0.0023170379870385937,0.0037296093879132255
964,-0.0033378952988704904,-0.00881661336520347,-0.0066626483106405916
965,-0.022100055882047547,-0.026615802309704943,-0.047456931704690834
966,0.0020842340971044997,0.001041737181230901,0.003915026225260994
967,0.0053662947290822735,0.005361830012524918,-0.0003364992698626696
968,0.00998477184310187,0.00983622528092881,0.017342016956146466
969,0.016485131903048407,0.007847964611520476,0.0033478360315623394
970,0.00015081465649217828,0.004688813603696701,0.008273349785792904
971,0.004484542084569511,-0.01495241872233156,-0.008097341334429518
972,0.0019996668158586495,-0.0021928970132044914,0.004493651034374576
973,-0.006279458612744712,-0.009137231943762059,-0.016325555819849364
974,0.002119429981902286,0.0016457710435185,0.0010038892724335226
975,-0.0008198870715217138,-0.002098212567442896,-0.0032605029986624776
976,-0.007867213603543447,-0.020321561600801785,-0.0104670647446496
977,0.009234894999314937,0.005407953623623064,-0.0034844546586601795
978,-0.010639975878219311,-0.012772703602144424,0.001954003155365397
979,-0.00039167606475114936,0.01120464422887695,-0.005190197396377393
980,-0.0044391523237180455,-0.007653393160122739,-0.012318346952404718
981,-0.005070747981533663,0.003248265870208904,0.00648883615242451
982,-0.0017747777151414232,0.014799470347742125,-0.01511188936126511
983,0.017801121731761353,0.005038603983198506,0.017098549148666667
984,-0.009288924699301926,-0.008676097704048284,0.006533964567545518
985,-0.01563291335491078,-0.018245242294901393,-0.008923326652297545
986,-0.014032634405161755,-0.0013606647464736743,-0.012423599870590019
987,-0.0011309241124902224,0.010664022019759682,0.005374244939119529
988,-0.007951243041024042,-0.00970975361474776,-0.012298297618446077
989,0.006216076291681536,0.012980327465965223,-0.005225705539519952
990,0.007713525932859435,0.019906652003381833,0.019220311542527145
991,-0.015615470788732717,-0.021088139097482524,-0.011974511875735306
992,-0.007180342160263838,-0.007655431756547993,-0.016118591531205352
993,0.005714490998259896,-0.00662451394527353,-0.003984313131936829
994,-0.015535270042612055,-0.0026471427549631266,0.00024009387328710537
995,0.00837783083051511,0.008182747017141249,0.006955657681184007
996,0.01798297992946238,-0.007207761188402699,0.016909005567381518
997,-0.0061414645581129084,-0.004663865276078387,-0.003943496663240939
998,0.009260516663658683,0.00664091159452847,0.007415716779717096
999,0.009242544105784975,0.008916244824056901,0.012258008996505877
