,col1,col2,label
0,1.5707480695568794,-0.13826430117118466,0.0
1,2.0481709947829363,1.5230298564080254,0.0
2,-0.7404579859406406,-0.23413695694918055,0.0
3,4.993909407130633,0.7674347291529088,0.0
4,-1.484608362663367,0.5425600435859647,0.0
5,-1.465455417307622,-0.46572975357025687,0.0
6,0.7651518859768643,-1.913280244657798,0.0
7,-5.454669127382026,-0.5622875292409727,0.0
8,-3.20285322535686,0.3142473325952739,0.0
9,-2.871424248915771,-1.4123037013352915,0.0
10,4.634788359613918,-0.22577630048653566,0.0
11,0.2135429331158992,-1.4247481862134568,0.0
12,-1.721489328347582,0.11092258970986608,0.0
13,-3.6397612768798324,0.37569801834567196,0.0
14,-1.8993863109630396,-0.2916937497932768,0.0
15,-1.9027633778286197,1.8522781845089378,0.0
16,-0.04268197226304045,-1.0577109289559004,0.0
17,2.601115400029078,-1.2208436499710222,0.0
18,0.660484680505994,-1.9596701238797756,0.0
19,-4.200093070978814,0.19686123586912352,0.0
20,2.335236368700432,0.1713682811899705,0.0
21,-0.36571197983317727,-0.3011036955892888,0.0
22,-4.675497060206603,-0.7198442083947086,0.0
23,-1.4566676948135548,1.0571222262189157,0.0
24,1.0866164407276149,-1.763040155362734,0.0
25,1.024843496435853,-0.38508228041631654,0.0
26,-2.1406153192440263,0.6116762888408679,0.0
27,3.2603067576332125,0.9312801191161986,0.0
28,-2.653838825708788,-0.3092123758512146,0.0
29,1.0475469487582107,0.9755451271223592,0.0
30,-1.5152819876663701,-0.18565897666381712,0.0
31,-3.4985383729622277,-1.1962066240806708,0.0
32,2.569432256467113,1.356240028570823,0.0
33,-0.22771599877949866,1.0035328978920242,0.0
34,1.143593523120226,-0.6451197546051243,0.0
35,1.142833249782282,1.5380365664659692,0.0
36,-0.1132918831297184,1.5646436558140062,0.0
37,-8.284361417998484,0.8219025043752238,0.0
38,0.27526699927272136,-0.29900735046586746,0.0
39,0.29017305371792174,-1.9875689146008928,0.0
40,-0.6946635034755779,0.3571125715117464,0.0
41,4.673511321781984,-0.5182702182736474,0.0
42,-2.5566812588181724,-0.5017570435845365,0.0
43,2.8947556668800947,0.32875110965968446,0.0
44,-1.6752488576187554,0.5132674331133561,0.0
45,0.30698616560720154,0.9686449905328892,0.0
46,-2.2200868150204456,-0.3276621465977682,0.0
47,-1.239954853019704,-1.4635149481321186,0.0
48,0.9364145368841799,0.26105527217988933,0.0
49,0.01617016970669368,-0.23458713337514692,0.0
50,-4.475795278441967,-0.42064532276535904,0.0
51,-1.08375845942801,-0.8022772692216189,0.0
52,-0.5100302029057793,0.4040508568145384,0.0
53,5.964643538322622,0.17457781283183896,0.0
54,0.8144458469502353,-0.07444591576616721,0.0
55,-6.067687349114291,-0.026513875449216878,0.0
56,0.19046464736375934,2.463242112485286,0.0
57,-0.6082987816157802,0.30154734233361247,0.0
58,-0.10976825388380046,-1.168678037619532,0.0
59,3.6139230558716013,0.7519330326867741,0.0
60,2.5014626546137237,-0.9093874547947389,0.0
61,4.436025111284522,-1.4018510627922809,0.0
62,1.855805077435934,2.1904556258099785,0.0
63,-3.1323508925460586,-0.5662977296027719,0.0
64,0.31512528562193104,-0.5034756541161992,0.0
65,-4.903628326500481,0.06856297480602733,0.0
66,-3.359299302229967,0.4735924306351816,0.0
67,-2.907474716134975,1.5499344050175394,0.0
68,-2.4768643886082153,-0.3220615162056756,0.0
69,2.57256732265045,-1.2308643164339552,0.0
70,0.719291469781999,1.307142754282428,0.0
71,-5.083308321748177,0.1846338585323042,0.0
72,0.8218215545139251,0.7818228717773104,0.0
73,-3.9115815997391548,-1.3204566130842763,0.0
74,1.6505241528636239,0.29698467323318606,0.0
75,0.7921279446806665,0.3464482094969757,0.0
76,-2.150426985409884,0.23225369716100355,0.0
77,0.9267765351227136,-0.7143514180263678,0.0
78,5.900097055504643,0.4738329209117875,0.0
79,-3.767232435684399,0.6565536086338297,0.0
80,-3.082214071535462,0.787084603742452,0.0
81,3.6638009166649628,-0.8206823183517105,0.0
82,3.046462811848804,0.4127809269364983,0.0
83,2.5995824792650195,1.8967929826539474,0.0
84,-0.7759853573066842,-0.7537361643574896,0.0
85,-2.8128916092022105,-0.8158102849654383,0.0
86,-0.24381701324101576,0.3411519748166439,0.0
87,0.8749731334954512,0.8271832490360238,0.0
88,0.04111559222543007,1.4535340771573169,0.0
89,-0.8369183913592968,2.720169166589619,0.0
90,1.9785338765340796,-0.8571575564162826,0.0
91,-3.386459423060565,0.4824724152431853,0.0
92,-0.7066513739149407,0.714000494092092,0.0
93,1.4965087681400715,-0.07282891265687277,0.0
94,-2.677796857418638,-1.5148472246858646,0.0
95,-1.4120042578526955,0.8563987943234723,0.0
96,0.6770238642447491,-1.245738778711988,0.0
97,0.5476461729864694,0.3853173797288368,0.0
98,-2.7950026252725415,0.1537251059455279,0.0
99,0.18407212996881656,-1.142970297830623,0.0
100,1.1314229767199901,0.5607845263682344,0.0
101,3.4249087511107694,1.053802052034903,0.0
102,-4.356573065389,-0.9378250399151228,0.0
103,1.6286845196927968,0.5137859509122088,0.0
104,1.6287237923270268,3.852731490654721,0.0
105,1.8053143083671193,1.135565640180599,0.0
106,3.0168184644557914,0.651391251305798,0.0
107,-0.9969688892643246,0.7589692204932674,0.0
108,-2.4438879111469984,-0.23681860674000887,0.0
109,-1.5348543043600407,0.08187413938632256,0.0
110,7.3195930763089985,-1.867265192591748,0.0
111,2.170145269084223,-1.6127158711896517,0.0
112,-1.4923795963075075,1.088950596967366,0.0
113,0.20327126838077877,-1.0777447779293061,0.0
114,-2.2619889400283753,0.6795977489346758,0.0
115,-2.3096220832115275,0.21645858958197486,0.0
116,0.14411081126060024,-0.6516003476058171,0.0
117,6.779746498323518,0.6339190223180112,0.0
118,-6.404063160442957,0.18645431476942764,0.0
119,-2.0927525533388818,0.852433334796224,0.0
120,-2.506170626365877,-0.11473644146689901,0.0
121,1.5969099909891167,0.8657551941701215,0.0
122,-3.795670513612853,-0.3345012358409484,0.0
123,-1.5019089472860114,-0.6533292325737119,0.0
124,5.582856504090451,0.40498171096095553,0.0
125,-3.9872651608584806,0.9178619470547761,0.0
126,6.710847133200937,1.0324652605511468,0.0
127,-4.804669700867168,-0.48423407286625136,0.0
128,4.006324824491106,-0.7076694656187807,0.0
129,1.4034802627755234,0.7746340534293368,0.0
130,-2.9312115228007127,-0.05952535606180008,0.0
131,-10.249787300133814,-1.0243876413342898,0.0
132,-0.798690622820616,-1.2477831819648495,0.0
133,5.162137798629345,-1.4301413779606327,0.0
134,-1.3915428497621334,0.13074057728609134,0.0
135,4.55770632421118,-1.4358621511794394,0.0
136,3.6782467485572585,0.010233061019587049,0.0
137,-3.1038028804709366,0.46210347426327075,0.0
138,0.6294820283519027,-0.6002168771587947,0.0
139,0.22073357399711138,-0.3853135968617602,0.0
140,0.35897336492964277,0.6621306745210467,0.0
141,5.015425546347827,-1.237815498826849,0.0
142,6.7452437890690815,-1.9520877995225019,0.0
143,-0.47998661517755953,0.5883172064845765,0.0
144,0.8885743060274819,-0.6226995198205938,0.0
145,-0.658140342888782,-0.4930009346588328,0.0
146,-1.863735004575247,0.8496020970210246,0.0
147,1.128982095601427,-0.6929095952606542,0.0
148,2.844784589172826,0.30729952087660933,0.0
149,2.570495719201578,0.6296288419236122,0.0
150,-2.621512403429911,-0.5601810401969696,0.0
151,2.3631498730679814,0.6103702654334648,0.0
152,-0.06609664365473589,0.117327383308782,0.0
153,4.040331157133097,-0.5915713888358299,0.0
154,1.7300738264106357,-0.20219265243389406,0.0
155,-0.6883684060040117,1.09877685198719,0.0
156,2.6101956807425934,0.8135096360006385,0.0
157,4.128286467687399,0.02100384163275905,0.0
158,2.1565246464115124,-0.31026675659345604,0.0
159,1.0251040146524688,-0.13014305436768459,0.0
160,0.30672817322294693,0.5951570254369136,0.0
161,-2.5874409876769184,2.0923872756854602,0.0
162,-3.181306291257598,-1.2141886127877322,0.0
163,3.6622681432673527,0.7916626939629359,0.0
164,1.9736401547324063,0.6283455092642799,0.0
165,-0.03872769618295482,-0.8972543714858315,0.0
166,0.23971506091495468,-0.6771617115121117,0.0
167,3.0835993489763003,-0.14705738150213865,0.0
168,-2.6104513439485797,-0.32138584165299344,0.0
169,1.3058039130366474,-0.5637245528039747,0.0
170,-2.6000891886345343,0.2436872114919123,0.0
171,0.7746523153051628,-0.5069431753711298,0.0
172,-1.4895539109403877,0.2320499373576363,0.0
173,-4.579244763156627,-1.4074637743765552,0.0
174,-2.271920110943647,-0.21344715171184725,0.0
175,0.9831760490679049,1.475356216949552,0.0
176,2.712157866480176,-0.1599385299634271,0.0
177,-0.06013452943179028,-1.0025293646378088,0.0
178,-0.05854367636839384,-0.2886586389201383,0.0
179,1.0205256938788416,-0.827230943552323,0.0
180,1.6423178798711784,1.5327389130025777,0.0
181,-0.34392978778171723,0.40171172209894146,0.0
182,2.1824269272874823,-0.40122047188583626,0.0
183,0.7086426490407699,0.01259240078179486,0.0
184,0.3088789443733756,-0.7730097838554665,0.0
185,0.07750797650588861,0.49799829124544975,0.0
186,4.5889190126264054,0.9592708260852069,0.0
187,6.8089607836552455,-0.7673475628880495,0.0
188,2.7585200620056574,0.18334200573835174,0.0
189,6.924764895885435,-0.8082982853551515,0.0
190,-2.655433622283706,-0.5993926454440222,0.0
191,-6.716348001512042,-0.525755021680761,0.0
192,-2.400588256735422,0.15039378647620763,0.0
193,1.0807272874291571,1.8761708392158862,0.0
194,3.0055040711872336,-0.5769036556624031,0.0
195,-2.841036644772429,0.4919191715065057,0.0
196,-4.174943976773832,1.8314587658543537,0.0
197,3.7297171452632227,-0.4691756521047048,0.0
198,-5.417407050207159,1.3538723741654128,0.0
199,-0.3622067938414968,1.2378163119734618,0.0
200,-5.0420229661599985,-0.5993750229537729,0.0
201,0.01658203447544185,0.046980593764742055,0.0
202,-1.423231986071961,0.6228499323474987,0.0
203,-3.376112233375951,-0.1423794850212935,0.0
204,0.3804081887783806,0.514438834058749,0.0
205,2.250323831623941,-1.1246420918378692,0.0
206,-4.8512949702649975,1.277676821898509,0.0
207,1.05086917624399,-0.7484865365565536,0.0
208,4.905173239720924,0.11567463429285867,0.0
209,3.729265139864516,0.06751848141010895,0.0
210,6.516657126092654,1.7553408424432044,0.0
211,-0.7872937649182176,0.9715709509543554,0.0
212,2.0408579477830666,1.3686315575323487,0.0
213,-3.0513559031648283,0.6860514599984393,0.0
214,3.347032109739632,-1.7587394864231143,0.0
215,-3.7417919608070442,-2.0392321777601006,0.0
216,-0.8519392140607062,0.7175422557959623,0.0
217,4.750870143439692,0.07409478041977519,0.0
218,5.1501345567630334,-1.3801014582148914,0.0
219,-5.386568234695925,-0.05554769889661878,0.0
220,1.2145215892233108,-0.03269474809409311,0.0
221,-6.537825966647702,-0.08912003951278841,0.0
222,-4.125094759817502,0.6696725488300385,0.0
223,1.159285443888973,-0.9398797863273552,0.0
224,-1.6249898729934174,-1.0592135218889516,0.0
225,-0.19820870906647223,0.9551423205012383,0.0
226,-3.1171394553729908,0.5040465155178444,0.0
227,-1.6768218207132597,-0.7928728322623442,0.0
228,-0.33845971624407856,-1.035242322419374,0.0
229,-1.7507928298671356,-1.1978778925888485,0.0
230,6.213006396192848,0.03526355197172861,0.0
231,-2.2127263421749244,0.213979910734222,0.0
232,-0.3552124821475948,-0.22096959953322298,0.0
233,1.9421656351666576,0.7575077100473051,0.0
234,-1.677591927782459,-0.57581824064468,0.0
235,-0.8697898372940426,-2.301921164735585,0.0
236,-4.791454846877279,1.3668742674445247,0.0
237,5.201844652103369,-0.24903603955637832,0.0
238,1.823233204085776,0.3112501545435361,0.0
239,9.736275998899158,1.1195749114345768,0.0
240,-0.404510941882173,-0.9555404406004258,0.0
241,-5.08002931081022,0.2034636358672231,0.0
242,-2.3917910650642566,-1.4222537095976742,0.0
243,-2.044642987510777,-1.081548003614395,0.0
244,5.335210302129924,0.8816397569494505,0.0
245,-0.025211705528074533,1.4799441388900259,0.0
246,0.24466007087909775,-0.8612842013282637,0.0
247,4.816541243214414,0.5389100436846587,0.0
248,-3.2800603419221166,-0.1903386780836082,0.0
249,-2.7689480415142733,-1.382799730964336,0.0
250,2.928830567908847,1.9094166404701305,0.0
251,-4.422658994924161,0.5629692366905709,0.0
252,-2.057512461088514,-0.48712538376469605,0.0
253,-1.8733140726400554,-0.863990769679816,0.0
254,0.15343886008492816,-0.8309501164110378,0.0
255,0.8552595782036357,-0.05023810944913695,0.0
256,-0.7556200705465145,-0.9075636620415979,0.0
257,-1.8239110936818301,0.755391225825756,0.0
258,1.584039232018952,-0.977555244798551,0.0
259,0.3141163303918632,0.751387123371789,0.0
260,-5.279123026257228,0.543360192379935,0.0
261,-2.0954003100112484,0.5705986685931593,0.0
262,-2.4136373796533612,-1.804882100664519,0.0
263,-5.146741092293908,0.048084946661381994,0.0
264,0.8213146650368857,-0.9043166251044086,0.0
265,2.0194066663436865,-1.6615200622689599,0.0
266,-0.20896267105083388,-1.2110161997624567,0.0
267,-2.0612867617938755,0.047398671316414016,0.0
268,-2.7208659635477384,-0.38455554422982535,0.0
269,3.1821772701669064,-0.5768918695231487,0.0
270,2.642690496762528,-1.129706854657618,0.0
271,1.6753879160853722,1.4415686206579004,0.0
272,-7.816026186630569,-0.7968952554704768,0.0
273,1.8248622960888676,-0.2030453860429927,0.0
274,1.1736663040257722,-0.6039851867158206,0.0
275,0.2738209505242792,-0.15567723539207948,0.0
276,3.692851125532182,0.2544208433012131,0.0
277,1.0675933562937865,-0.4118769661224674,0.0
278,-1.5419462693435035,-0.4325581878196209,0.0
279,1.247367197848445,-0.42098448082026296,0.0
280,0.9163485564420156,2.075400798645439,0.0
281,2.7547381888828455,-0.32602353216784113,0.0
282,3.7985719511422813,-0.4080753730215514,0.0
283,-6.44511568623399,-1.008086310917404,0.0
284,-5.915963498683551,-0.35151348404130867,0.0
285,0.05824402904762952,1.6764373122752827,0.0
286,1.0338351305519295,-0.21910052880886424,0.0
287,2.622810740595519,-2.211135309007885,0.0
288,0.7450786535171626,0.7708651938869668,0.0
289,-4.675700253661826,1.143754043206929,0.0
290,1.0704196274668383,-0.4152879139008013,0.0
291,2.0010319589475634,2.270692857804396,0.0
292,0.5751115955099638,0.24822058630033608,0.0
293,-1.4526267105709652,-0.8498443694647918,0.0
294,2.6257524030955377,-0.8560838259088672,0.0
295,0.2263123131811956,-0.4776574467651167,0.0
296,1.514667202629158,0.3336621052869483,0.0
297,3.2809893872591003,-0.510016398854747,0.0
298,-0.8534194789176148,-0.9787637157823074,0.0
299,-1.4049786509020674,0.3773004930448522,0.0
300,2.3938081914193616,-0.9221653241776254,0.0
301,2.7499353743002977,1.355637858804951,0.0
302,1.3073959583981851,1.876795812558066,0.0
303,-2.446936298004811,-1.244654703311417,0.0
304,-5.6248073067991395,1.496044311489183,0.0
305,2.0692858966698555,-0.05558467091045507,0.0
306,0.8853385325591967,-1.1254890472983765,0.0
307,7.73414684745488,0.1292211819752275,0.0
308,0.34593671511776114,0.725766623898692,0.0
309,1.5210847478557634,0.22388402427913137,0.0
310,-2.499699711388475,0.4714683571359957,0.0
311,5.951484021092642,1.3454200461549777,0.0
312,5.038098477900786,-0.5112156764311852,0.0
313,-3.1294052154986547,-0.12578692009964815,0.0
314,0.17621764524538136,1.0941915184709485,0.0
315,-5.352043089172322,1.5295503194606137,0.0
316,-0.4996648478064893,-0.42688106994742003,0.0
317,-3.200555055643902,-1.6548566718657693,0.0
318,2.603093948170522,0.07331796718840389,0.0
319,-4.079214535741838,-1.295078772063616,0.0
320,-1.0618444531915296,1.669021525289393,0.0
321,-0.8208999311900478,-1.5031429531181062,0.0
322,-0.7771078017003081,-0.2727235697476705,0.0
323,-8.528304382980629,-0.05429486651781221,0.0
324,-0.7302791058403821,0.6962063648134184,0.0
325,5.84691255367783,1.1265650295477574,0.0
326,-0.8503006992134691,-1.1065259087416703,0.0
327,8.13767821739233,0.05921843401448826,0.0
328,0.04404828863827385,-0.024125087110003277,0.0
329,0.6263990137959855,-0.14436041192394247,0.0
330,-1.8140785488447304,-0.5468589412403921,0.0
331,-0.10357493470151005,-0.543424771133765,0.0
332,-2.2542162937052406,0.10643022769189683,0.0
333,-0.8063087585018663,1.5039929885826886,0.0
334,-8.38310260286207,1.0915068519224618,0.0
335,3.940467366901867,-2.0733902324081495,0.0
336,-1.0836733231771367,-0.37144086599579146,0.0
337,-4.450942788631902,-0.7778166875908753,0.0
338,-3.511949186039201,1.7522704434236227,0.0
339,2.9588748797524627,1.2715550949941588,0.0
340,2.2821274460915264,-1.1290517712172292,0.0
341,-1.658678720362098,0.48937456122791806,0.0
342,-3.8647074679295295,0.7129984301723881,0.0
343,-0.7599756377665414,-0.3748208075495975,0.0
344,2.2482528247239224,0.44426331148603976,0.0
345,-1.1414752422463113,1.159329803364248,0.0
346,-3.4186224100964457,0.6159356069442637,0.0
347,1.875550858291183,-0.3095464393139903,0.0
348,1.031323170479447,-1.251113576385303,0.0
349,2.9220300002299613,-0.18490213644298903,0.0
350,-1.6529953302430962,1.0490092258368893,0.0
351,-2.227330317683918,-1.4084612963635597,0.0
352,-4.922493660601009,0.6060099513456396,0.0
353,-4.04907313682286,1.7547941819843647,0.0
354,-6.583638856598276,1.6964563682900382,0.0
355,0.667295822440154,-0.09671311187039239,0.0
356,-1.7231854548152956,0.39913611435207086,0.0
357,-0.11901137872518272,1.1033018820165215,0.0
358,0.36121954153753044,0.1503017614618776,0.0
359,-1.1498427756482803,-0.056945623721067457,0.0
360,0.9733546575276693,-1.7101683926566256,0.0
361,-4.263336642089573,0.743264094022715,0.0
362,0.540323957886873,-0.18398333635267913,0.0
363,0.058293214721732,0.34758170536167105,0.0
364,-1.7068699789019202,-0.7783047254023127,0.0
365,0.6193170750453758,-0.978372777615032,0.0
366,1.291008569098053,-1.7025836042378404,0.0
367,3.254475880751234,0.472597482413043,0.0
368,0.8096371091596146,0.9826909839455139,0.0
369,5.266692629305348,1.0143700650181304,0.0
370,-5.8213554569197,-1.2795769667357015,0.0
371,-1.975849829905226,0.026091050210833786,0.0
372,1.6369815560141536,-0.7257438131534656,0.0
373,0.5906083669677941,-0.7553829323533225,0.0
374,-1.933789087196686,-1.4066610968482223,0.0
375,-2.919519869301248,-1.3516846056163336,0.0
376,-3.085982187046065,1.0536417966078395,0.0
377,-3.0022628967419362,2.632382064837391,0.0
378,1.5600081773167949,0.1848361236948739,0.0
379,-2.7143656326987724,0.7003098794089914,0.0
380,-1.8203266382596,0.12200981464536144,0.0
381,8.09569814350989,-0.09605989972464987,0.0
382,3.6343213651405977,-0.7031764251258874,0.0
383,-0.11064332186155562,1.77080063563551,0.0
384,-1.9826439205037543,1.8124485579969287,0.0
385,2.238108134431783,-0.5624667758942676,0.0
386,1.9998488653328679,0.9725544496267299,0.0
387,1.9663357523895844,-1.5702247198904564,0.0
388,-2.299409646988909,-0.24751863555150475,0.0
389,-0.23537917001280334,0.620672097550678,0.0
390,0.561939905440789,-1.3353443587101013,0.0
391,1.2022911706801835,0.6105857452838231,0.0
392,1.7702128278679776,1.0807807255546218,0.0
393,2.637093399649482,0.4591800792284367,0.0
394,-0.22188346185549998,-1.6609609335159914,0.0
395,1.3585720967642998,0.20768768716311115,0.0
396,0.8588076898374348,-1.2767485758203094,0.0
397,-3.418600947111963,1.0531528533329035,0.0
398,-0.12508437938542336,0.6815006973726244,0.0
399,0.08955056820960285,0.02975613949574519,0.0
400,2.96711391853566,-0.5160447282173739,0.0
401,0.3039605855984996,-0.4622752887050425,0.0
402,-1.373997713436651,-0.30917212346863937,0.0
403,0.7024486636062346,-0.4787486216634773,0.0
404,3.9710495425207433,-0.8946073022195039,0.0
405,-0.5909400256504005,-0.4397310582741749,0.0
406,4.575745838449515,0.19655477651157463,0.0
407,3.262978935928394,-1.485560373036972,0.0
408,0.8444870899003835,0.889630795623437,0.0
409,0.2602048210752084,1.0654803750653512,0.0
410,-1.6358097096155324,1.40934744018558,0.0
411,7.269754179324161,-0.36283856043965906,0.0
412,-1.408802670974346,1.453384477117701,0.0
413,4.995045709068464,-0.5228600271532683,0.0
414,-1.3287473847994864,-0.2817846088605072,0.0
415,-4.251525816245656,-0.9186519464841982,0.0
416,-3.175371914364412,-0.7677975651041284,0.0
417,-0.10968324452867413,0.23421473253652075,0.0
418,4.903113070506018,-0.998354040738791,0.0
419,3.1127007311058588,-0.21398884422550896,0.0
420,-0.15641798402294377,0.6748194921666038,0.0
421,-3.550358767365539,0.3824097461840506,0.0
422,0.5263680995178429,0.4924512640081491,0.0
423,0.9144315426508783,2.4553001399108942,0.0
424,-2.0167109051940706,-0.5309969550018176,0.0
425,-1.970543365858596,-0.5554771191602547,0.0
426,-2.0155950735603,1.1890165311075518,0.0
427,4.492028849592602,-0.5707462937494763,0.0
428,-2.632139434144151,0.4714155563864041,0.0
429,-1.7462825963598891,0.6329318177555108,0.0
430,0.6416989355719473,-1.515744114997232,0.0
431,4.893641127160424,1.7958776730955217,0.0
432,-1.93780798632261,-0.38770155993598415,0.0
433,0.903985738904672,0.334456789987025,0.0
434,2.0824998417051255,2.0102045387663496,0.0
435,-0.5595562645331644,-0.7982972445384537,0.0
436,-4.361790380991034,-0.7309300399419191,0.0
437,-0.10475668626781245,1.7945578635177877,0.0
438,-1.6368306475928196,0.2237879516388985,0.0
439,-0.0519337573661309,1.188393273448084,0.0
440,7.990861959095243,-0.5308687729203206,0.0
441,-1.5477434150806395,1.044160877069072,0.0
442,2.156330224304223,1.8467073257360336,0.0
443,1.846543055598957,-0.35929209078705954,0.0
444,1.8678145759688263,1.1087035805829077,0.0
445,2.594592472166649,0.5072740311072977,0.0
446,3.373121541554822,1.1692955904456728,0.0
447,4.37077050015884,0.6487098875896427,0.0
448,-0.5284737719962135,0.14671368643332283,0.0
449,3.8153163515822164,-0.8169356709872361,0.0
450,1.1658473685491322,-0.3933388123273607,0.0
451,0.09089911141226902,1.2784518626072987,0.0
452,0.6043083136783379,0.04643654815614881,0.0
453,-4.300242695663581,0.7462535660272207,0.0
454,2.0412002060145022,2.16325472330546,0.0
455,-0.9732802366779292,0.21915032766393897,0.0
456,0.7886204518090183,1.5774532797634744,0.0
457,-0.3013509331811109,0.27902152577033923,0.0
458,1.922337552370942,0.1866091231563581,0.0
459,-1.4117470460413568,0.19408999289830758,0.0
460,3.395121697829043,-1.0265152994110602,0.0
461,0.42048703003453486,-0.7001208149391732,0.0
462,3.7790692575085605,-1.5231869047837747,0.0
463,-1.7674660714069867,0.37721187506452086,0.0
464,4.950621664104544,-0.0657502610729878,0.0
465,-1.755695060197959,1.8811570694405901,0.0
466,-4.579022008899569,-2.198805956620082,0.0
467,1.3914478655549283,-0.5020542243526112,0.0
468,-3.2294217234432745,0.7083564472993533,0.0
469,0.7709655506917674,-0.5640786307367284,0.0
470,-4.0486779981322805,0.8724573282801447,0.0
471,2.0561166596738385,-0.09917586377938291,0.0
472,5.839578919041978,-1.0700847663261526,0.0
473,-4.82413416803985,-0.6919080698812444,0.0
474,-0.14415564113706109,0.24333944932269183,0.0
475,-0.7628553965861586,0.3520553965142968,0.0
476,-3.9577151619374384,1.4437646040732595,0.0
477,-0.2597848361873276,1.1172958315881276,0.0
478,1.0837927064236836,0.4567532191537839,0.0
479,1.8017623417731952,0.44770856001731496,0.0
480,2.0324678252109,1.3291525301324314,0.0
481,0.621454504697118,0.7090037575885123,0.0
482,-0.2837691813641963,1.4401172154494728,0.0
483,-2.138940266311891,1.8009404329108156,0.0
484,-0.12699059020075154,-1.4307751021180481,0.0
485,0.40510172944133,-0.6810516574748808,0.0
486,2.658348315131705,-0.6526239793023909,0.0
487,-1.410955903192328,-1.889540730945531,0.0
488,-1.4303181689143425,-2.4238793266289567,0.0
489,-5.008740514586523,0.7604146561442974,0.0
490,2.484918287058295,0.42545756178496474,0.0
491,-3.0578470553332915,-0.047711356141979855,0.0
492,-0.011392228885987775,-1.1583646891925428,0.0
493,4.75416286401334,0.8773622905756714,0.0
494,-0.6987500705991088,0.02688583899453078,0.0
495,0.658964298335703,-2.0417348684242906,0.0
496,-0.7816435148437778,-0.6819842479977986,0.0
497,-3.1674005812683226,-0.2811002928859549,0.0
498,5.684783943841929,0.6408428612670098,0.0
499,-1.8062265593476814,0.5725827813561586,0.0
500,51.57074806955688,49.86173569882882,1.0
501,52.048170994782936,51.52302985640802,1.0
502,49.259542014059356,49.76586304305082,1.0
503,54.99390940713063,50.76743472915291,1.0
504,48.515391637336634,50.542560043585965,1.0
505,48.53454458269238,49.53427024642974,1.0
506,50.76515188597686,48.0867197553422,1.0
507,44.545330872617974,49.437712470759024,1.0
508,46.79714677464314,50.31424733259527,1.0
509,47.12857575108423,48.58769629866471,1.0
510,54.63478835961392,49.77422369951346,1.0
511,50.213542933115896,48.575251813786544,1.0
512,48.27851067165242,50.110922589709865,1.0
513,46.36023872312017,50.37569801834567,1.0
514,48.10061368903696,49.708306250206725,1.0
515,48.09723662217138,51.85227818450894,1.0
516,49.95731802773696,48.9422890710441,1.0
517,52.60111540002908,48.77915635002898,1.0
518,50.660484680505995,48.040329876120225,1.0
519,45.79990692902118,50.19686123586912,1.0
520,52.335236368700436,50.17136828118997,1.0
521,49.63428802016682,49.69889630441071,1.0
522,45.3245029397934,49.28015579160529,1.0
523,48.543332305186446,51.057122226218915,1.0
524,51.08661644072762,48.23695984463727,1.0
525,51.02484349643585,49.61491771958369,1.0
526,47.85938468075597,50.61167628884087,1.0
527,53.26030675763321,50.931280119116195,1.0
528,47.34616117429121,49.69078762414878,1.0
529,51.04754694875821,50.97554512712236,1.0
530,48.48471801233363,49.81434102333618,1.0
531,46.50146162703777,48.80379337591933,1.0
532,52.56943225646711,51.356240028570824,1.0
533,49.7722840012205,51.00353289789202,1.0
534,51.143593523120224,49.354880245394874,1.0
535,51.142833249782285,51.53803656646597,1.0
536,49.88670811687028,51.56464365581401,1.0
537,41.71563858200152,50.821902504375224,1.0
538,50.27526699927272,49.70099264953413,1.0
539,50.29017305371792,48.01243108539911,1.0
540,49.30533649652442,50.35711257151175,1.0
541,54.67351132178199,49.48172978172635,1.0
542,47.44331874118183,49.49824295641546,1.0
543,52.894755666880094,50.328751109659684,1.0
544,48.324751142381245,50.513267433113356,1.0
545,50.3069861656072,50.96864499053289,1.0
546,47.779913184979556,49.67233785340223,1.0
547,48.760045146980296,48.536485051867885,1.0
548,50.93641453688418,50.26105527217989,1.0
549,50.01617016970669,49.76541286662485,1.0
550,45.524204721558036,49.57935467723464,1.0
551,48.91624154057199,49.19772273077838,1.0
552,49.48996979709422,50.404050856814536,1.0
553,55.96464353832262,50.17457781283184,1.0
554,50.814445846950235,49.92555408423383,1.0
555,43.932312650885706,49.97348612455078,1.0
556,50.19046464736376,52.46324211248529,1.0
557,49.39170121838422,50.30154734233361,1.0
558,49.8902317461162,48.83132196238047,1.0
559,53.6139230558716,50.75193303268677,1.0
560,52.501462654613725,49.09061254520526,1.0
561,54.43602511128452,48.59814893720772,1.0
562,51.85580507743593,52.19045562580998,1.0
563,46.86764910745394,49.43370227039723,1.0
564,50.31512528562193,49.4965243458838,1.0
565,45.09637167349952,50.06856297480603,1.0
566,46.640700697770036,50.47359243063518,1.0
567,47.09252528386502,51.54993440501754,1.0
568,47.52313561139179,49.67793848379432,1.0
569,52.57256732265045,48.76913568356604,1.0
570,50.719291469782,51.30714275428243,1.0
571,44.91669167825182,50.1846338585323,1.0
572,50.821821554513924,50.78182287177731,1.0
573,46.08841840026084,48.679543386915725,1.0
574,51.650524152863625,50.29698467323318,1.0
575,50.792127944680665,50.34644820949698,1.0
576,47.84957301459011,50.232253697161006,1.0
577,50.92677653512271,49.28564858197363,1.0
578,55.900097055504645,50.47383292091179,1.0
579,46.2327675643156,50.65655360863383,1.0
580,46.91778592846454,50.78708460374245,1.0
581,53.66380091666496,49.17931768164829,1.0
582,53.046462811848805,50.4127809269365,1.0
583,52.59958247926502,51.89679298265395,1.0
584,49.22401464269332,49.24626383564251,1.0
585,47.18710839079779,49.18418971503456,1.0
586,49.756182986758986,50.34115197481665,1.0
587,50.87497313349545,50.827183249036025,1.0
588,50.04111559222543,51.453534077157315,1.0
589,49.1630816086407,52.72016916658962,1.0
590,51.97853387653408,49.14284244358372,1.0
591,46.613540576939435,50.48247241524319,1.0
592,49.29334862608506,50.71400049409209,1.0
593,51.496508768140075,49.927171087343126,1.0
594,47.32220314258136,48.485152775314134,1.0
595,48.58799574214731,50.856398794323475,1.0
596,50.67702386424475,48.75426122128801,1.0
597,50.54764617298647,50.38531737972884,1.0
598,47.204997374727455,50.153725105945526,1.0
599,50.18407212996882,48.85702970216938,1.0
600,51.13142297671999,50.56078452636824,1.0
601,53.42490875111077,51.053802052034904,1.0
602,45.643426934611,49.062174960084874,1.0
603,51.6286845196928,50.51378595091221,1.0
604,51.62872379232703,53.85273149065472,1.0
605,51.805314308367116,51.1355656401806,1.0
606,53.01681846445579,50.651391251305796,1.0
607,49.00303111073568,50.75896922049327,1.0
608,47.556112088853,49.76318139325999,1.0
609,48.46514569563996,50.08187413938632,1.0
610,57.319593076309,48.132734807408255,1.0
611,52.17014526908422,48.38728412881035,1.0
612,48.50762040369249,51.088950596967365,1.0
613,50.20327126838078,48.922255222070696,1.0
614,47.738011059971626,50.679597748934675,1.0
615,47.69037791678847,50.216458589581976,1.0
616,50.1441108112606,49.348399652394185,1.0
617,56.77974649832352,50.63391902231801,1.0
618,43.59593683955704,50.18645431476943,1.0
619,47.90724744666112,50.852433334796224,1.0
620,47.49382937363412,49.885263558533104,1.0
621,51.59690999098912,50.86575519417012,1.0
622,46.204329486387145,49.665498764159054,1.0
623,48.49809105271399,49.34667076742629,1.0
624,55.58285650409045,50.40498171096095,1.0
625,46.01273483914152,50.917861947054774,1.0
626,56.710847133200936,51.03246526055115,1.0
627,45.195330299132834,49.51576592713375,1.0
628,54.0063248244911,49.29233053438122,1.0
629,51.403480262775524,50.77463405342934,1.0
630,47.068788477199284,49.9404746439382,1.0
631,39.75021269986618,48.97561235866571,1.0
632,49.201309377179385,48.75221681803515,1.0
633,55.162137798629345,48.56985862203937,1.0
634,48.60845715023787,50.13074057728609,1.0
635,54.55770632421118,48.56413784882056,1.0
636,53.67824674855726,50.01023306101958,1.0
637,46.89619711952906,50.46210347426327,1.0
638,50.6294820283519,49.39978312284121,1.0
639,50.22073357399711,49.614686403138236,1.0
640,50.358973364929646,50.662130674521045,1.0
641,55.01542554634783,48.76218450117315,1.0
642,56.74524378906908,48.0479122004775,1.0
643,49.52001338482244,50.588317206484575,1.0
644,50.88857430602748,49.37730048017941,1.0
645,49.341859657111215,49.50699906534117,1.0
646,48.13626499542475,50.84960209702103,1.0
647,51.12898209560143,49.30709040473935,1.0
648,52.844784589172825,50.30729952087661,1.0
649,52.57049571920158,50.62962884192361,1.0
650,47.37848759657009,49.43981895980303,1.0
651,52.36314987306798,50.61037026543347,1.0
652,49.93390335634526,50.11732738330878,1.0
653,54.040331157133096,49.40842861116417,1.0
654,51.73007382641064,49.797807347566106,1.0
655,49.31163159399599,51.09877685198719,1.0
656,52.61019568074259,50.81350963600064,1.0
657,54.1282864676874,50.02100384163276,1.0
658,52.15652464641151,49.68973324340654,1.0
659,51.02510401465247,49.869856945632314,1.0
660,50.30672817322295,50.59515702543691,1.0
661,47.41255901232308,52.09238727568546,1.0
662,46.8186937087424,48.78581138721227,1.0
663,53.662268143267355,50.791662693962934,1.0
664,51.97364015473241,50.62834550926428,1.0
665,49.96127230381705,49.10274562851417,1.0
666,50.23971506091495,49.32283828848789,1.0
667,53.0835993489763,49.85294261849786,1.0
668,47.38954865605142,49.67861415834701,1.0
669,51.30580391303665,49.436275447196024,1.0
670,47.399910811365466,50.24368721149191,1.0
671,50.77465231530516,49.49305682462887,1.0
672,48.51044608905961,50.23204993735764,1.0
673,45.42075523684338,48.59253622562345,1.0
674,47.72807988905635,49.78655284828815,1.0
675,50.98317604906791,51.47535621694955,1.0
676,52.712157866480176,49.840061470036574,1.0
677,49.93986547056821,48.99747063536219,1.0
678,49.941456323631606,49.71134136107986,1.0
679,51.02052569387884,49.17276905644768,1.0
680,51.64231787987118,51.532738913002575,1.0
681,49.65607021221828,50.401711722098945,1.0
682,52.18242692728748,49.598779528114164,1.0
683,50.70864264904077,50.01259240078179,1.0
684,50.308878944373376,49.226990216144536,1.0
685,50.07750797650589,50.49799829124545,1.0
686,54.588919012626405,50.95927082608521,1.0
687,56.808960783655245,49.23265243711195,1.0
688,52.75852006200566,50.18334200573835,1.0
689,56.92476489588543,49.19170171464485,1.0
690,47.34456637771629,49.40060735455598,1.0
691,43.283651998487954,49.47424497831924,1.0
692,47.599411743264575,50.15039378647621,1.0
693,51.080727287429156,51.87617083921589,1.0
694,53.00550407118723,49.423096344337594,1.0
695,47.15896335522757,50.4919191715065,1.0
696,45.82505602322617,51.83145876585435,1.0
697,53.72971714526322,49.5308243478953,1.0
698,44.58259294979284,51.35387237416541,1.0
699,49.637793206158506,51.23781631197346,1.0
700,44.95797703384,49.40062497704623,1.0
701,50.01658203447544,50.046980593764744,1.0
702,48.57676801392804,50.6228499323475,1.0
703,46.62388776662405,49.857620514978706,1.0
704,50.38040818877838,50.51443883405875,1.0
705,52.250323831623945,48.87535790816213,1.0
706,45.148705029735005,51.27767682189851,1.0
707,51.05086917624399,49.251513463443445,1.0
708,54.905173239720924,50.11567463429286,1.0
709,53.729265139864516,50.06751848141011,1.0
710,56.51665712609265,51.7553408424432,1.0
711,49.21270623508178,50.97157095095436,1.0
712,52.04085794778307,51.368631557532346,1.0
713,46.948644096835174,50.68605145999844,1.0
714,53.34703210973963,48.24126051357688,1.0
715,46.25820803919296,47.9607678222399,1.0
716,49.14806078593929,50.71754225579596,1.0
717,54.75087014343969,50.07409478041978,1.0
718,55.150134556763035,48.61989854178511,1.0
719,44.61343176530407,49.94445230110338,1.0
720,51.21452158922331,49.967305251905906,1.0
721,43.4621740333523,49.910879960487215,1.0
722,45.8749052401825,50.669672548830036,1.0
723,51.159285443888976,49.06012021367265,1.0
724,48.37501012700658,48.94078647811105,1.0
725,49.80179129093353,50.95514232050124,1.0
726,46.88286054462701,50.50404651551784,1.0
727,48.32317817928674,49.20712716773765,1.0
728,49.66154028375592,48.96475767758063,1.0
729,48.24920717013286,48.80212210741115,1.0
730,56.213006396192846,50.03526355197173,1.0
731,47.787273657825075,50.213979910734224,1.0
732,49.64478751785241,49.77903040046678,1.0
733,51.94216563516666,50.75750771004731,1.0
734,48.32240807221754,49.42418175935532,1.0
735,49.13021016270596,47.69807883526442,1.0
736,45.20854515312272,51.36687426744452,1.0
737,55.20184465210337,49.75096396044362,1.0
738,51.823233204085774,50.311250154543536,1.0
739,59.73627599889916,51.119574911434576,1.0
740,49.59548905811783,49.04445955939958,1.0
741,44.91997068918978,50.20346363586722,1.0
742,47.608208934935746,48.577746290402324,1.0
743,47.95535701248922,48.918451996385606,1.0
744,55.33521030212992,50.881639756949454,1.0
745,49.97478829447193,51.479944138890026,1.0
746,50.2446600708791,49.13871579867174,1.0
747,54.81654124321442,50.53891004368466,1.0
748,46.719939658077884,49.809661321916394,1.0
749,47.23105195848573,48.61720026903566,1.0
750,52.92883056790885,51.90941664047013,1.0
751,45.57734100507584,50.56296923669057,1.0
752,47.942487538911486,49.5128746162353,1.0
753,48.126685927359944,49.136009230320184,1.0
754,50.153438860084925,49.16904988358896,1.0
755,50.855259578203636,49.94976189055086,1.0
756,49.24437992945349,49.092436337958404,1.0
757,48.17608890631817,50.755391225825754,1.0
758,51.58403923201895,49.02244475520145,1.0
759,50.31411633039186,50.75138712337179,1.0
760,44.720876973742776,50.543360192379936,1.0
761,47.90459968998875,50.570598668593156,1.0
762,47.58636262034664,48.19511789933548,1.0
763,44.85325890770609,50.04808494666138,1.0
764,50.82131466503689,49.09568337489559,1.0
765,52.019406666343684,48.33847993773104,1.0
766,49.791037328949166,48.788983800237546,1.0
767,47.93871323820613,50.047398671316415,1.0
768,47.27913403645226,49.615444455770174,1.0
769,53.1821772701669,49.42310813047685,1.0
770,52.642690496762526,48.87029314534238,1.0
771,51.67538791608537,51.441568620657904,1.0
772,42.183973813369434,49.203104744529526,1.0
773,51.82486229608887,49.796954613957006,1.0
774,51.17366630402577,49.39601481328418,1.0
775,50.27382095052428,49.844322764607924,1.0
776,53.69285112553218,50.25442084330121,1.0
777,51.067593356293784,49.58812303387753,1.0
778,48.458053730656495,49.56744181218038,1.0
779,51.24736719784845,49.579015519179734,1.0
780,50.91634855644202,52.07540079864544,1.0
781,52.75473818888285,49.67397646783216,1.0
782,53.79857195114228,49.59192462697845,1.0
783,43.55488431376601,48.991913689082594,1.0
784,44.08403650131645,49.648486515958695,1.0
785,50.05824402904763,51.67643731227528,1.0
786,51.03383513055193,49.780899471191134,1.0
787,52.62281074059552,47.78886469099211,1.0
788,50.74507865351716,50.77086519388697,1.0
789,45.32429974633818,51.143754043206926,1.0
790,51.07041962746684,49.5847120860992,1.0
791,52.001031958947564,52.2706928578044,1.0
792,50.575111595509966,50.248220586300334,1.0
793,48.54737328942903,49.15015563053521,1.0
794,52.62575240309554,49.14391617409113,1.0
795,50.2263123131812,49.522342553234886,1.0
796,51.514667202629155,50.33366210528695,1.0
797,53.2809893872591,49.489983601145255,1.0
798,49.146580521082385,49.02123628421769,1.0
799,48.595021349097934,50.37730049304485,1.0
800,52.39380819141936,49.07783467582237,1.0
801,52.7499353743003,51.355637858804954,1.0
802,51.30739595839818,51.876795812558065,1.0
803,47.553063701995185,48.75534529668858,1.0
804,44.37519269320086,51.496044311489186,1.0
805,52.069285896669854,49.944415329089544,1.0
806,50.885338532559196,48.87451095270163,1.0
807,57.73414684745488,50.129221181975225,1.0
808,50.34593671511776,50.72576662389869,1.0
809,51.52108474785577,50.22388402427913,1.0
810,47.50030028861153,50.471468357136,1.0
811,55.95148402109264,51.34542004615498,1.0
812,55.03809847790079,49.488784323568815,1.0
813,46.87059478450134,49.87421307990035,1.0
814,50.17621764524538,51.09419151847095,1.0
815,44.64795691082768,51.52955031946061,1.0
816,49.50033515219351,49.57311893005258,1.0
817,46.7994449443561,48.34514332813423,1.0
818,52.603093948170525,50.0733179671884,1.0
819,45.92078546425816,48.70492122793638,1.0
820,48.93815554680847,51.669021525289395,1.0
821,49.17910006880995,48.49685704688189,1.0
822,49.22289219829969,49.72727643025233,1.0
823,41.47169561701937,49.945705133482186,1.0
824,49.26972089415962,50.69620636481342,1.0
825,55.84691255367783,51.126565029547756,1.0
826,49.14969930078653,48.89347409125833,1.0
827,58.13767821739233,50.05921843401449,1.0
828,50.04404828863827,49.97587491289,1.0
829,50.62639901379598,49.85563958807606,1.0
830,48.18592145115527,49.453141058759606,1.0
831,49.89642506529849,49.456575228866235,1.0
832,47.74578370629476,50.106430227691895,1.0
833,49.193691241498136,51.50399298858269,1.0
834,41.61689739713793,51.09150685192246,1.0
835,53.94046736690187,47.92660976759185,1.0
836,48.91632667682286,49.628559134004206,1.0
837,45.549057211368094,49.22218331240912,1.0
838,46.4880508139608,51.752270443423626,1.0
839,52.958874879752464,51.271555094994156,1.0
840,52.28212744609153,48.87094822878277,1.0
841,48.3413212796379,50.48937456122792,1.0
842,46.13529253207047,50.71299843017239,1.0
843,49.240024362233456,49.6251791924504,1.0
844,52.24825282472392,50.44426331148604,1.0
845,48.85852475775369,51.15932980336425,1.0
846,46.58137758990355,50.61593560694426,1.0
847,51.875550858291184,49.69045356068601,1.0
848,51.031323170479446,48.7488864236147,1.0
849,52.92203000022996,49.815097863557014,1.0
850,48.347004669756906,51.04900922583689,1.0
851,47.772669682316085,48.59153870363644,1.0
852,45.077506339398994,50.60600995134564,1.0
853,45.95092686317714,51.754794181984366,1.0
854,43.41636114340172,51.696456368290036,1.0
855,50.66729582244015,49.90328688812961,1.0
856,48.276814545184706,50.39913611435207,1.0
857,49.88098862127482,51.103301882016524,1.0
858,50.36121954153753,50.150301761461876,1.0
859,48.85015722435172,49.94305437627893,1.0
860,50.97335465752767,48.28983160734337,1.0
861,45.73666335791043,50.74326409402271,1.0
862,50.540323957886876,49.81601666364732,1.0
863,50.05829321472173,50.34758170536167,1.0
864,48.29313002109808,49.221695274597685,1.0
865,50.61931707504537,49.02162722238497,1.0
866,51.291008569098054,48.29741639576216,1.0
867,53.25447588075124,50.47259748241304,1.0
868,50.80963710915962,50.98269098394552,1.0
869,55.266692629305346,51.01437006501813,1.0
870,44.1786445430803,48.7204230332643,1.0
871,48.02415017009477,50.02609105021083,1.0
872,51.636981556014156,49.274256186846536,1.0
873,50.59060836696779,49.24461706764668,1.0
874,48.066210912803314,48.593338903151775,1.0
875,47.08048013069875,48.648315394383665,1.0
876,46.91401781295394,51.05364179660784,1.0
877,46.99773710325806,52.632382064837394,1.0
878,51.560008177316796,50.18483612369487,1.0
879,47.28563436730123,50.70030987940899,1.0
880,48.1796733617404,50.12200981464536,1.0
881,58.09569814350989,49.90394010027535,1.0
882,53.6343213651406,49.29682357487411,1.0
883,49.88935667813845,51.77080063563551,1.0
884,48.017356079496246,51.81244855799693,1.0
885,52.23810813443178,49.437533224105735,1.0
886,51.999848865332865,50.97255444962673,1.0
887,51.96633575238958,48.429775280109546,1.0
888,47.700590353011094,49.75248136444849,1.0
889,49.764620829987194,50.62067209755068,1.0
890,50.56193990544079,48.6646556412899,1.0
891,51.20229117068018,50.61058574528382,1.0
892,51.77021282786798,51.080780725554625,1.0
893,52.63709339964948,50.45918007922844,1.0
894,49.7781165381445,48.339039066484006,1.0
895,51.3585720967643,50.20768768716311,1.0
896,50.858807689837434,48.72325142417969,1.0
897,46.58139905288804,51.053152853332904,1.0
898,49.87491562061458,50.68150069737263,1.0
899,50.0895505682096,50.029756139495746,1.0
900,52.96711391853566,49.48395527178263,1.0
901,50.3039605855985,49.537724711294956,1.0
902,48.62600228656335,49.69082787653136,1.0
903,50.70244866360623,49.52125137833652,1.0
904,53.971049542520745,49.105392697780495,1.0
905,49.4090599743496,49.56026894172582,1.0
906,54.575745838449514,50.196554776511576,1.0
907,53.262978935928395,48.514439626963025,1.0
908,50.84448708990038,50.88963079562344,1.0
909,50.260204821075206,51.06548037506535,1.0
910,48.36419029038447,51.40934744018558,1.0
911,57.26975417932416,49.637161439560344,1.0
912,48.591197329025654,51.4533844771177,1.0
913,54.995045709068464,49.47713997284673,1.0
914,48.671252615200515,49.718215391139495,1.0
915,45.74847418375435,49.0813480535158,1.0
916,46.82462808563559,49.232202434895875,1.0
917,49.890316755471325,50.23421473253652,1.0
918,54.903113070506016,49.00164595926121,1.0
919,53.11270073110586,49.78601115577449,1.0
920,49.843582015977056,50.674819492166606,1.0
921,46.44964123263446,50.38240974618405,1.0
922,50.526368099517846,50.492451264008146,1.0
923,50.91443154265088,52.4553001399109,1.0
924,47.983289094805926,49.46900304499818,1.0
925,48.029456634141404,49.44452288083975,1.0
926,47.9844049264397,51.189016531107555,1.0
927,54.4920288495926,49.42925370625052,1.0
928,47.36786056585585,50.471415556386404,1.0
929,48.25371740364011,50.63293181775551,1.0
930,50.641698935571945,48.48425588500277,1.0
931,54.89364112716042,51.795877673095525,1.0
932,48.06219201367739,49.612298440064016,1.0
933,50.90398573890467,50.33445678998702,1.0
934,52.08249984170513,52.01020453876635,1.0
935,49.440443735466836,49.20170275546155,1.0
936,45.63820961900897,49.26906996005808,1.0
937,49.89524331373219,51.79455786351779,1.0
938,48.36316935240718,50.2237879516389,1.0
939,49.94806624263387,51.188393273448085,1.0
940,57.99086195909524,49.46913122707968,1.0
941,48.45225658491936,51.044160877069075,1.0
942,52.15633022430422,51.846707325736034,1.0
943,51.84654305559896,49.64070790921294,1.0
944,51.86781457596883,51.108703580582905,1.0
945,52.594592472166646,50.5072740311073,1.0
946,53.37312154155482,51.16929559044567,1.0
947,54.37077050015884,50.64870988758964,1.0
948,49.47152622800379,50.14671368643332,1.0
949,53.81531635158222,49.183064329012765,1.0
950,51.16584736854913,49.60666118767264,1.0
951,50.09089911141227,51.2784518626073,1.0
952,50.60430831367834,50.04643654815615,1.0
953,45.699757304336416,50.74625356602722,1.0
954,52.0412002060145,52.16325472330546,1.0
955,49.02671976332207,50.21915032766394,1.0
956,50.78862045180902,51.577453279763475,1.0
957,49.69864906681889,50.27902152577034,1.0
958,51.92233755237094,50.18660912315636,1.0
959,48.588252953958644,50.194089992898306,1.0
960,53.39512169782904,48.97348470058894,1.0
961,50.420487030034536,49.299879185060824,1.0
962,53.77906925750856,48.47681309521622,1.0
963,48.232533928593014,50.37721187506452,1.0
964,54.950621664104546,49.934249738927015,1.0
965,48.24430493980204,51.88115706944059,1.0
966,45.42097799110043,47.801194043379915,1.0
967,51.39144786555493,49.49794577564739,1.0
968,46.770578276556726,50.70835644729935,1.0
969,50.77096555069177,49.43592136926327,1.0
970,45.95132200186772,50.87245732828014,1.0
971,52.05611665967384,49.90082413622062,1.0
972,55.839578919041976,48.929915233673846,1.0
973,45.17586583196015,49.308091930118756,1.0
974,49.85584435886294,50.24333944932269,1.0
975,49.23714460341384,50.352055396514295,1.0
976,46.042284838062564,51.44376460407326,1.0
977,49.74021516381267,51.11729583158813,1.0
978,51.08379270642369,50.45675321915378,1.0
979,51.8017623417732,50.44770856001732,1.0
980,52.0324678252109,51.32915253013243,1.0
981,50.62145450469712,50.70900375758851,1.0
982,49.7162308186358,51.440117215449476,1.0
983,47.86105973368811,51.800940432910814,1.0
984,49.87300940979925,48.56922489788195,1.0
985,50.40510172944133,49.31894834252512,1.0
986,52.658348315131704,49.34737602069761,1.0
987,48.58904409680767,48.110459269054466,1.0
988,48.56968183108566,47.576120673371044,1.0
989,44.99125948541348,50.7604146561443,1.0
990,52.48491828705829,50.42545756178497,1.0
991,46.94215294466671,49.95228864385802,1.0
992,49.98860777111401,48.841635310807455,1.0
993,54.75416286401334,50.87736229057567,1.0
994,49.30124992940089,50.02688583899453,1.0
995,50.658964298335704,47.95826513157571,1.0
996,49.21835648515622,49.318015752002204,1.0
997,46.832599418731675,49.71889970711405,1.0
998,55.68478394384193,50.64084286126701,1.0
999,48.19377344065232,50.57258278135616,1.0
